FGroup,protein,fat,carb,calorie,fiber,Vitamin A (IU),Vitamin E (mg),Vitamin D (mcg),Vitamin D2 (Ergocalciferol)  (mcg),Vitamin D3 (Cholecalciferol) (mcg),Vitamin B5 (mg),Vitamin B6 (mg),Vitamin B12,Cholesterol (mg),Saturated Fat (g),Net Carbs
Vegetables and Vegetable Products,1.8,0.11,6.69,29,1.1,35,0.52,0,0,0,0.16,0.154,0,0,0.014,5.59
Vegetables and Vegetable Products,3.2,0.7,5,32,2.1,7816,0,0,0,0,0.062,0.174,0,0,0.052,2.9
Vegetables and Vegetable Products,0.81,0.2,7.62,31,1,812,0.5,0,0,0,0.072,0.113,0,0,0.027,6.62
Vegetables and Vegetable Products,1.58,0.07,16.02,66,3.1,0,0,0,0,0,0.302,0.218,0,0,0.021,12.92
Vegetables and Vegetable Products,2.17,0.47,5.29,28,2.2,0,0.01,0.2,0.2,0,2.16,0.095,0,0,0.061,3.09
Vegetables and Vegetable Products,1.56,0.22,14.39,56,2.1,0,0,0.7,0.7,0,3.594,0.159,0,0,0.05,12.29
Vegetables and Vegetable Products,2.56,0.47,4.51,26,2,10537,1.78,0,0,0,0.12,0.098,0,0,0.012,2.51
Vegetables and Vegetable Products,2.27,0.25,3.11,19,2.8,7076,1.35,0,0,0,0.016,0.108,0,0,0.013,0.31
Vegetables and Vegetable Products,1.7,0.2,2.8,16,2,8200,0,0,0,0,0.119,0.097,0,0,0,0.8
Vegetables and Vegetable Products,1.3,0.17,2.13,12,1.4,3622,1.23,0,0,0,0.256,0.237,0,0,0.027,0.73
Vegetables and Vegetable Products,1.87,0.21,4.51,22,2.5,283,0.27,0,0,0,0.213,0.187,0,0,0.045,2.01
Vegetables and Vegetable Products,1.63,0.24,6.41,34,2.1,305,0.32,0,0,0,0.209,0.037,0,0,0.063,4.31
Vegetables and Vegetable Products,1.36,0.19,9.56,42,1.4,2,0.02,0,0,0,0.113,0.129,0,0,0.031,8.16
Vegetables and Vegetable Products,0.77,0.1,6,26,1.7,2,0.01,0,0,0,0.099,0.069,0,0,0.016,4.3
Vegetables and Vegetable Products,0.71,0.05,6.11,26,1.4,2,0.01,0,0,0,0.078,0.07,0,0,0.009,4.71
Vegetables and Vegetable Products,1.32,0.3,17.01,71,4,0,1,0,0,0,0.588,0.093,0,0,0.05,13.01
Vegetables and Vegetable Products,3.27,0.23,6.46,40,2.8,1030,0.39,0,0,0,0.673,0.144,0,0,0.044,3.66
Vegetables and Vegetable Products,3.5,0.38,8.43,50,3.1,1311,0.47,0,0,0,0.857,0.174,0,0,0.073,5.33
Vegetables and Vegetable Products,5.36,0.22,15.63,84,5.5,801,0.14,0,0,0,0.153,0.216,0,0,0.039,10.13
Vegetables and Vegetable Products,3.19,0.3,9.75,53,3.3,1444,0.02,0,0,0,0.091,0.065,0,0,0.054,6.45
Vegetables and Vegetable Products,4.42,0.35,12.58,69,4.1,533,0.03,0,0,0,0.128,0.064,0,0,0.062,8.48
Vegetables and Vegetable Products,5.15,0.27,14.26,78,4.5,2100,0.03,0,0,0,0.142,0.113,0,0,0.049,9.76
Vegetables and Vegetable Products,7.05,0.51,17.08,98,0,107,0,0,0,0,0.683,0.128,0,0,0.09,17.08
Vegetables and Vegetable Products,2.17,0.27,8.48,38,3.3,6854,0.38,0,0,0,0.12,0.088,0,0,0.049,5.18
Vegetables and Vegetable Products,3.09,0.42,10.12,48,3.1,9514,0.52,0,0,0,0.163,0.087,0,0,0.077,7.02
Vegetables and Vegetable Products,2.54,0.2,8.63,45,2.2,1051,0.02,0,0,0,0.09,0.087,0,0,0.036,6.43
Vegetables and Vegetable Products,1.87,0.44,8.81,40,1.5,952,0.69,0,0,0,0.201,0.506,0,0,0.042,7.31
Vegetables and Vegetable Products,0.9,0.1,5.1,21,1.3,11892,0.69,0,0,0,0.034,0.153,0,0,0.01,3.8
Vegetables and Vegetable Products,0.99,0.3,6.03,31,2.1,3131,1.58,0,0,0,0.317,0.291,0,0,0.027,3.93
Vegetables and Vegetable Products,0.92,0.2,6.11,26,1.2,468,0.5,0,0,0,0.079,0.233,0,0,0.029,4.91
Vegetables and Vegetable Products,0.92,0.2,6.7,28,1.2,2941,1.65,0,0,0,0.079,0.233,0,0,0.029,5.5
Vegetables and Vegetable Products,0.92,0.2,6.11,26,1.2,2941,1.65,0,0,0,0.079,0.233,0,0,0.029,4.91
Vegetables and Vegetable Products,0.95,0.18,3.31,16,0.9,290,0,0,0,0,0.023,0.108,0,0,0.027,2.41
Vegetables and Vegetable Products,5.96,1.36,19.49,111,4.2,50,0.32,0,0,0,0.63,0.053,0,0,0.365,15.29
Vegetables and Vegetable Products,2.3,0.4,3.1,20,1.5,8700,0.85,0,0,0,0.039,0.111,0,0,0,1.6
Vegetables and Vegetable Products,2.5,0.13,21.15,93,2.2,10,0.04,0,0,0,0.376,0.311,0,0,0.034,18.95
Vegetables and Vegetable Products,1.96,0.1,21.55,93,1.5,0,0.04,0,0,0,0.555,0.301,0,0,0.026,20.05
Vegetables and Vegetable Products,4.29,0.1,46.06,198,7.9,10,0.04,0,0,0,0.857,0.614,0,0,0.026,38.16
Vegetables and Vegetable Products,1.87,0.1,20.13,87,2,3,0.05,0,0,0,0.52,0.299,0,0,0.026,18.13
Vegetables and Vegetable Products,2.86,0.1,17.2,78,3.3,0,0,0,0,0,0.361,0.239,0,0,0.026,13.9
Vegetables and Vegetable Products,1.71,0.1,20.01,86,2,2,0.01,0,0,0,0.509,0.269,0,0,0.026,18.01
Vegetables and Vegetable Products,2.44,0.1,24.24,105,2.3,0,0,0,0,0,0.454,0.344,0,0,0.026,21.94
Vegetables and Vegetable Products,2.1,0.1,23.28,100,1.6,0,0,0,0,0,0.597,0.319,0,0,0.026,21.68
Vegetables and Vegetable Products,4.39,0.1,29.63,132,5.5,0,0,0,0,0,0.594,0.492,0,0,0.026,24.13
Vegetables and Vegetable Products,1.98,0.13,13.93,63,1.4,0,0,0,0,0,0.28,0.202,0,0,0.034,12.53
Vegetables and Vegetable Products,3.44,8.2,34.03,218,3.2,0,0,0,0,0,0.69,0.243,0,0,3.894,30.83
Vegetables and Vegetable Products,2.66,5.22,28.71,172,2.6,0,0.11,0,0,0,0.522,0.184,0,0,1.029,26.11
Vegetables and Vegetable Products,2.24,4.66,24.81,150,1.9,0,0.1,0,0,0,0.473,0.178,0,0,0.94,22.91
Vegetables and Vegetable Products,5.06,7.59,11.27,132,1.8,280,0,0,0,0,0.387,0.174,0,15,3.53,9.47
Vegetables and Vegetable Products,2.87,3.68,10.78,88,1.9,150,0,0,0,0,0.514,0.178,0,6,1.377,8.88
Vegetables and Vegetable Products,0.72,0.07,4.31,18,1.1,5755,0.8,0,0,0,0.201,0.044,0,0,0.037,3.21
Vegetables and Vegetable Products,1.1,0.28,8.09,34,2.9,15563,1.06,0,0,0,0.4,0.056,0,0,0.146,5.19
Vegetables and Vegetable Products,1.09,0.08,3.18,15,0.9,1734,0.04,0,0,0,0,0.05,0,0,0.041,2.28
Vegetables and Vegetable Products,2.72,0.22,3.39,21,2.7,1600,0.96,0,0,0,0.042,0.196,0,0,0.114,0.69
Vegetables and Vegetable Products,1.49,0.19,3.55,18,0,1852,0,0,0,0,0.036,0.07,0,0,0,3.55
Vegetables and Vegetable Products,0.67,0.24,3.43,17,1.6,0,0,0,0,0,0.114,0.038,0,0,0.073,1.83
Vegetables and Vegetable Products,0.93,0.18,6.84,30,1.8,2,0.24,0,0,0,0.155,0.102,0,0,0.029,5.04
Vegetables and Vegetable Products,2.73,0.17,15.36,68,3.1,0,0.19,0,0,0,0.276,0.218,0,0,0,12.26
Vegetables and Vegetable Products,12.35,6.4,11.05,141,4.2,156,0,0,0,0,0.128,0.06,0,0,0.74,6.85
Vegetables and Vegetable Products,2.97,0.26,3.75,23,2.4,10481,2.08,0,0,0,0.145,0.242,0,0,0.043,1.35
Vegetables and Vegetable Products,2.11,0.37,2.92,19,2.2,8084,1.6,0,0,0,0.038,0.08,0,0,0.06,0.72
Vegetables and Vegetable Products,4.01,0.87,4.8,34,3.7,12061,3.54,0,0,0,0.075,0.136,0,0,0.036,1.1
Vegetables and Vegetable Products,0.91,0.31,4.31,20,1.4,212,0.14,0,0,0,0.137,0.065,0,0,0.064,2.91
Vegetables and Vegetable Products,1.04,0.39,3.79,19,1.1,1117,0.12,0,0,0,0.323,0.078,0,0,0.064,2.69
Vegetables and Vegetable Products,1.28,0.2,5.54,25,1.4,201,0.15,0,0,0,0.102,0.099,0,0,0.04,4.14
Vegetables and Vegetable Products,1.03,0.17,3.3,16,1.9,85,0.12,0,0,0,0.079,0.085,0,0,0.035,1.4
Vegetables and Vegetable Products,1.14,0.36,2.69,15,1,1117,0.12,0,0,0,0.288,0.08,0,0,0.072,1.69
Vegetables and Vegetable Products,1.15,0.13,2.97,14,1.3,177,0.12,0,0,0,0.265,0.045,0,0,0.027,1.67
Vegetables and Vegetable Products,0.89,0.35,8.85,37,2.8,5223,0.12,0,0,0,0.234,0.161,0,0,0.072,6.05
Vegetables and Vegetable Products,1.12,0.14,14.58,56,4.4,428,0,0,0,0,0.504,0.194,0,0,0.029,10.18
Vegetables and Vegetable Products,0.67,0.08,8.79,34,2.6,258,0,0,0,0,0.303,0.117,0,0,0.017,6.19
Vegetables and Vegetable Products,0.9,0.09,10.49,40,3.2,11155,1.29,0,0,0,0.359,0.124,0,0,0.019,7.29
Vegetables and Vegetable Products,1.23,0.07,10.04,39,0,3339,0,0,0,0,0.154,0.069,0,0,0.014,10.04
Vegetables and Vegetable Products,2.48,0.62,10.81,50,4.9,6705,0.2,0,0,0,0.447,0.172,0,0,0.128,5.91
Vegetables and Vegetable Products,1.48,0.37,6.46,30,2.9,4005,0.12,0,0,0,0.297,0.103,0,0,0.076,3.56
Vegetables and Vegetable Products,0.66,0.26,6.46,27,1.4,110,0.12,0,0,0,0.355,0.099,0,0,0.062,5.06
Vegetables and Vegetable Products,5.07,0.8,24.37,111,0,294,0,0,0,0,0.567,0.116,0,0,0.148,24.37
Vegetables and Vegetable Products,4.31,0.89,19.95,93,4.1,194,0.18,0,0,0,0.232,0.095,0,0,0.166,15.85
Vegetables and Vegetable Products,2.08,0.24,3.7,20,1.9,5200,0,0,0,0,0.126,0.081,0,0,0,1.8
Vegetables and Vegetable Products,2.18,0.34,7.38,35,1.9,2939,0.96,0,0,0,0.2,0.16,0,0,0.065,5.48
Vegetables and Vegetable Products,2.01,0.15,20.71,92,3.3,0,0.71,0,0,0,0.884,0.286,0,0,0.052,17.41
Vegetables and Vegetable Products,1.37,0.14,17.72,76,2.5,15740,0.94,0,0,0,0.581,0.165,0,0,0.04,15.22
Vegetables and Vegetable Products,1.71,0.12,23.4,100,1.8,16410,0,0,0,0,0.56,0.186,0,0,0.026,21.6
Vegetables and Vegetable Products,0.52,0.11,34.6,142,5.1,84,2.93,0,0,0,0.336,0.331,0,0,0.023,29.5
Vegetables and Vegetable Products,2.72,0.41,3.89,24,2,4238,0,0,0,0,0.044,0.072,0,0,0.083,1.89
Vegetables and Vegetable Products,0.73,0.08,3.19,14,0,51,0,0,0,0,0.076,0.112,0,0,0.016,3.19
Vegetables and Vegetable Products,4.16,0.68,6.85,44,0,1764,0,0,0,0,0.126,0.117,0,0,0.139,6.85
Vegetables and Vegetable Products,0.95,0.11,4.01,18,0.7,489,0.56,0,0,0,0.129,0.079,0,0,0.015,3.31
Vegetables and Vegetable Products,0.79,0.25,3.47,16,1.9,441,0.59,0,0,0,0.117,0.111,0,0,0.034,1.57
Vegetables and Vegetable Products,0.85,0.29,3.53,17,0.4,450,0.32,0,0,0,0,0.07,0,0,0.019,3.13
Vegetables and Vegetable Products,1.65,0.21,8.98,38,1.9,510,1.97,0,0,0,0.44,0.126,0,0,0.029,7.08
Vegetables and Vegetable Products,0.71,0.08,5.06,22,2,0,0.02,0,0,0,0.142,0.067,0,0,0.008,3.06
Vegetables and Vegetable Products,1.53,0.24,3.73,21,2,0,0.02,0,0,0,0.141,0.067,0,0,0.025,1.73
Vegetables and Vegetable Products,1.14,0.23,4.36,20,3.5,7625,1.88,0,0,0,0.274,0.18,0,0,0.053,0.86
Vegetables and Vegetable Products,3.35,0.42,4.98,29,3.4,10765,2.66,0,0,0,0.069,0.067,0,0,0.099,1.58
Vegetables and Vegetable Products,2.99,0.38,4.74,34,3.1,8612,2.13,0,0,0,0.083,0.067,0,0,0.085,1.64
Vegetables and Vegetable Products,2.86,0.15,13.09,60,4.4,4277,0.38,0,0,0,0.151,0.074,0,0,0.031,8.69
Vegetables and Vegetable Products,0.4,0.2,2.45,11,1,0,0.08,0,0,0,0.121,0.032,0,0,0.016,1.45
Vegetables and Vegetable Products,5.31,0.66,3.21,37,0,88,0,0,0,0,0.041,0.082,0,0,0.101,3.21
Vegetables and Vegetable Products,1.49,0.14,26.99,114,3.9,122,0.34,0,0,0,0.311,0.228,0,0,0.029,23.09
Vegetables and Vegetable Products,0.72,0.09,8.23,36,0,19,0,0,0,0,0.121,0.04,0,0,0,8.23
Vegetables and Vegetable Products,2.53,0.1,9.17,47,0,450,0,0,0,0,0.051,0.024,0,0,0.026,9.17
Vegetables and Vegetable Products,3.22,1.18,19.02,86,2.7,1,0.07,0,0,0,0.76,0.055,0,0,0.182,16.32
Vegetables and Vegetable Products,3.34,1.41,21.71,97,2.7,2,0.09,0,0,0,0.749,0.127,0,0,0.197,19.01
Vegetables and Vegetable Products,3.34,1.41,21.71,97,2.7,2,0.09,0,0,0,0.749,0.127,0,0,0.197,19.01
Vegetables and Vegetable Products,1.95,0.5,15.41,64,1.7,0,0,0,0,0,0.522,0.037,0,0,0.077,13.71
Vegetables and Vegetable Products,1.95,0.5,15.41,64,0.7,1,0,0,0,0,0.522,0.037,0,0,0.077,14.71
Vegetables and Vegetable Products,2.32,1.37,15.06,71,2.3,1,0.07,0,0,0,0.355,0.065,0,0,0.161,12.76
Vegetables and Vegetable Products,1.74,0.42,18.62,74,1.2,2,0.07,0,0,0,0.18,0.063,0,0,0.065,17.42
Vegetables and Vegetable Products,1.74,0.42,18.13,72,1.2,1,0.06,0,0,0,0.18,0.063,0,0,0.065,16.93
Vegetables and Vegetable Products,2.41,0.5,19.44,79,2,1,0,0,0,0,0.675,0.055,0,0,0.077,17.44
Vegetables and Vegetable Products,2.41,0.5,19.44,79,2,1,0,0,0,0,0.675,0.055,0,0,0.077,17.44
Vegetables and Vegetable Products,3.02,0.77,20.73,88,2.9,3,0,0,0,0,0.28,0.178,0,0,0.184,17.83
Vegetables and Vegetable Products,2.75,0.43,19.56,80,2.4,3,0.07,0,0,0,0.18,0.129,0,0,0.066,17.16
Vegetables and Vegetable Products,2.75,0.43,19.56,80,2.4,3,0.07,0,0,0,0.18,0.129,0,0,0.066,17.16
Vegetables and Vegetable Products,3.28,0.78,23.5,98,2.8,4,0,0,0,0,0.293,0.179,0,0,0.12,20.7
Vegetables and Vegetable Products,3.11,0.74,22.33,94,2.1,4,0,0,0,0,0.25,0.224,0,0,0.114,20.23
Vegetables and Vegetable Products,3.11,0.74,22.33,94,2.8,4,0,0,0,0,0.25,0.224,0,0,0.114,19.53
Vegetables and Vegetable Products,0.8,0.3,3.9,18,1.2,520,0,0,0,0,0.038,0.178,0,0,0.045,2.7
Vegetables and Vegetable Products,1.08,0.21,4.45,20,1.6,2428,1.23,0,0,0,0.03,0.137,0,0,0.031,2.85
Vegetables and Vegetable Products,0.95,0.18,3.31,16,0.8,1917,1.08,0,0,0,0.023,0.108,0,0,0.027,2.51
Vegetables and Vegetable Products,0.95,0.18,3.31,16,0.8,1917,1.08,0,0,0,0.023,0.108,0,0,0.027,2.51
Vegetables and Vegetable Products,1.04,12.75,6.57,133,1.8,2760,3.09,0,0,0,0.244,0.364,0,0,1.557,4.77
Vegetables and Vegetable Products,1.14,0.05,5.1,21,0,0,0,0,0,0,0,0,0,0,0,5.1
Vegetables and Vegetable Products,8.47,4.45,6.53,81,0.8,40,0.21,0,0,0,0.743,0.105,0,0,0.617,5.73
Vegetables and Vegetable Products,13.1,7.1,9.4,125,0.8,17,0,0,0,0,1.186,0.168,0,0,0,8.6
Vegetables and Vegetable Products,1.83,0.64,2.93,20,0,3474,0,0,0,0,0.036,0.1,0,0,0,2.93
Vegetables and Vegetable Products,8.8,0.45,21.25,101,0,41,0,0,0,0,0.571,0.164,0,0,0.053,21.25
Vegetables and Vegetable Products,1.73,0.08,19.99,82,0,0,0,0,0,0,0.48,0.209,0,0,0.018,19.99
Vegetables and Vegetable Products,0.29,0.07,10.78,40,3.7,200,0,0,0,0,0.063,0.179,0,0,0,7.08
Vegetables and Vegetable Products,2.05,4.93,14.4,108,2.2,213,0,0,0,0,0.127,0.01,0,3,1.284,12.2
Vegetables and Vegetable Products,1.9,5.6,15.02,113,2.3,220,0,0,0,0,0.12,0.009,0,4,1.46,12.72
Vegetables and Vegetable Products,17.9,3,68.7,314,21.3,77261,4,0,0,0,0.488,2.223,0,0,0.447,47.4
Vegetables and Vegetable Products,1.15,0.1,4.5,20,1.3,105,0.29,0,0,0,0.129,0.037,0,0,0.022,3.2
Vegetables and Vegetable Products,1.15,0.1,4.5,20,1.3,353,0.03,0,0,0,0.129,0.037,0,0,0.022,3.2
Vegetables and Vegetable Products,1.86,4.22,16.81,113,1.5,138,0.12,0.2,0,0,0.468,0.222,0.07,11,2.613,15.31
Vegetables and Vegetable Products,1.04,0.1,27.4,101,0.3,527,1.46,0,0,0,0.047,0.158,0,0,0.014,27.1
Vegetables and Vegetable Products,2.5,0.1,4.3,22,0.6,0,0.01,31.9,31.9,0,1.5,0.11,0.1,0,0.014,3.7
Vegetables and Vegetable Products,0.5,0.3,2.41,12,1,125,0.03,0,0,0,0.201,0.035,0,0,0.079,1.41
Vegetables and Vegetable Products,3.09,0.34,3.26,22,1,0,0.01,26.2,26.2,0,1.497,0.104,0,0,0.05,2.26
Vegetables and Vegetable Products,3.28,0.58,4.44,29,2.2,0,0,13.1,13.1,0,1.262,0.122,0,0,0.037,2.24
Vegetables and Vegetable Products,0.58,0.41,21.15,91,1,764,0.36,0,0,0,0.051,0.024,0,0,0.067,20.15
Vegetables and Vegetable Products,0.33,0.2,2.26,11,1.2,191,0.09,0,0,0,0.038,0.009,0,0,0.052,1.06
Vegetables and Vegetable Products,1.1,0.3,5.1,23,1.9,2655,0.69,0,0,0,0.01,0.215,0,0,0.045,3.2
Vegetables and Vegetable Products,1.5,0.46,23.35,91,1.5,167,0,0,0,0,0.007,0.015,0,0,0.044,21.85
Vegetables and Vegetable Products,0.37,0.47,35.06,130,1.1,1218,0.58,0,0,0,0.007,0.015,0,0,0.054,33.96
Vegetables and Vegetable Products,0.33,0.2,2.26,11,1.2,191,0.09,0,0,0,0.038,0.009,0,0,0.052,1.06
Vegetables and Vegetable Products,0.5,0.3,2.41,12,1,125,0.03,0,0,0,0.201,0.035,0,0,0.079,1.41
Vegetables and Vegetable Products,0.37,0.26,33.73,122,1.1,1116,0.53,0,0,0,0.12,0.015,0,0,0.067,32.63
Vegetables and Vegetable Products,1.04,0.1,27.4,101,0.3,527,1.46,0,0,0,0.047,0.158,0,0,0.014,27.1
Vegetables and Vegetable Products,2.66,0.29,7.81,37,2.7,0,0.01,0.1,0.1,0,1.35,0.1,0,0,0.02,5.11
Vegetables and Vegetable Products,1,0.21,6.32,27,0.9,200,0,0,0,0,0.168,0.168,0,0,0.031,5.42
Vegetables and Vegetable Products,1.43,0.25,4.48,23,0.9,27,2.26,0,0,0,0.269,0.057,0,0,0.06,3.58
Vegetables and Vegetable Products,2.71,0.4,3.11,21,1.1,490,0,0,0,0,0.367,0.142,0,0,0.083,2.01
Vegetables and Vegetable Products,0.96,1.02,5.84,32,1.9,114,0.38,0,0,0,0.15,0.056,0,0,0.139,3.94
Vegetables and Vegetable Products,14.11,2.97,55.76,258,12.3,874,0.01,0,0,0,2.087,0.332,0,0,0.426,43.46
Vegetables and Vegetable Products,5.06,14.08,23.33,213,5.8,1286,0,0,0,0,0.479,0.319,0,0,1.893,17.53
Vegetables and Vegetable Products,1.24,0.2,7.3,31,3.1,963,0.58,0,0,0,0.232,0.047,0,0,0.09,4.2
Vegetables and Vegetable Products,0.63,0.54,34.48,129,3.2,267,0,0,0,0,0.007,0.015,0,0,0.052,31.28
Vegetables and Vegetable Products,2.58,0.66,3.65,25,1.6,2373,0.43,0,0,0,0.437,0.073,0,0,0.086,2.05
Vegetables and Vegetable Products,0.64,0.13,8.24,35,2.9,13790,0,0,0,0,0.401,0.105,0,0,0.023,5.34
Vegetables and Vegetable Products,2.52,0.62,4.62,28,2.4,0,0,0,0,0,0.126,0.022,0,0,0.13,2.22
Vegetables and Vegetable Products,10.58,5.81,69.86,324,28.7,26488,3.14,0,0,0,0.956,0.81,0,0,0.813,41.16
Vegetables and Vegetable Products,1.32,0.09,3.33,16,2.2,457,0,0,0,0,0.167,0.07,0,0,0.016,1.13
Vegetables and Vegetable Products,1.35,0.05,3.28,15,2,443,0,0,0,0,0.15,0.067,0,0,0.006,1.28
Vegetables and Vegetable Products,2.95,0.3,6.09,31,3.2,155,0.04,0,0,0,0.696,0.222,0,0,0.047,2.89
Vegetables and Vegetable Products,3.04,0.31,6.28,32,3.3,144,0.04,0,0,0,0.681,0.206,0,0,0.043,2.98
Vegetables and Vegetable Products,3.04,0.31,6.28,32,3.3,141,0,0,0,0,0.681,0.206,0,0,0.049,2.98
Vegetables and Vegetable Products,1.14,0.72,3.81,22,2.5,1638,0.48,0,0,0,0.159,0.07,0,0,0.11,1.31
Vegetables and Vegetable Products,1.1,0.17,2.23,12,0,263,0,0,0,0,0.035,0.037,0,0,0,2.23
Vegetables and Vegetable Products,1.82,0.49,25.31,99,0,6,0,0,0,0,0.05,0.08,0,0,0.119,25.31
Vegetables and Vegetable Products,7.92,0.73,17.63,88,7.5,333,1.16,0,0,0,0.225,0.104,0,0,0.118,10.13
Vegetables and Vegetable Products,5.6,2.12,17.31,93,11,27521,2,0,0,0,0.231,0.4,0,0,0.336,6.31
Vegetables and Vegetable Products,4.27,1.97,11.71,69,9.9,5253,1.79,0,0,0,4.274,0.136,0,0,0.312,1.81
Vegetables and Vegetable Products,1.66,0.45,5.35,27,3.4,340,0.69,0,0,0,0.265,0.357,0,0,0.048,1.95
Vegetables and Vegetable Products,1.74,0.44,6.7,32,3.7,937,0.69,0,0,0,0.2,0.505,0,0,0.059,3
Vegetables and Vegetable Products,11.86,8.2,51.42,281,21.6,20438,0,0,0,0,1.993,3.535,0,0,0.82,29.82
Vegetables and Vegetable Products,0.91,0.37,6.5,29,2.8,1078,3.58,0,0,0,0.315,0.419,0,0,0.092,3.7
Vegetables and Vegetable Products,0.72,0.27,4.6,21,1.7,126,0,0,0,0,0.084,0.12,0,0,0.028,2.9
Vegetables and Vegetable Products,0.8,0.41,6.7,29,1,816,0.48,0,0,0,0.205,0.517,0,0,0.046,5.7
Vegetables and Vegetable Products,12.35,15.85,51.13,345,26.8,35760,0,0,0,0,1.591,4.228,0,0,0,24.33
Vegetables and Vegetable Products,1.5,0.9,26.64,121,1.5,90,0.16,0,0,0,0.067,0.01,0,0,0.149,25.14
Vegetables and Vegetable Products,0.33,0.52,7.44,32,3.8,57,0,0,0,0,0.179,0.152,0,0,0,3.64
Vegetables and Vegetable Products,4.71,2.75,19.22,103,10.6,3598,0,0,0,0,1.356,0.632,0,0,0,8.62
Vegetables and Vegetable Products,2.98,0.78,2.71,23,2.1,1158,0,0,0,0,0.135,0.086,0,0,0,0.61
Vegetables and Vegetable Products,3.31,0.41,6.09,33,2.3,48,0,0.7,0.7,0,1.294,0.11,0,0,0.062,3.79
Vegetables and Vegetable Products,9.25,0.73,73.01,284,70.1,0,0,0,0,0,0.481,0.112,0,0,0,2.91
Vegetables and Vegetable Products,3.83,0.68,4.64,32,2.5,0,0,0,0,0,0.412,0.014,0,0,0.089,2.14
Vegetables and Vegetable Products,4.8,0.63,23.54,109,7.8,35,0,0,0,0,0.203,0.274,0,0,0,15.74
Vegetables and Vegetable Products,1.46,0.4,23.63,98,1.5,8,0,0,0,0,0.209,0.237,0,0,0.082,22.13
Vegetables and Vegetable Products,3.91,0.46,6.04,35,2.5,0,0,0.3,0.3,0,1.96,0.049,0,0,0.06,3.54
Vegetables and Vegetable Products,1.94,0.19,6.97,31,2.7,0,0.01,28.1,28.1,0,0.27,0.056,0,0,0.03,4.27
Vegetables and Vegetable Products,1.2,0.76,4.67,30,2.6,1720,0.5,0,0,0,0,0.074,0,0,0.116,2.07
Vegetables and Vegetable Products,4.55,0.4,5.54,34,0,3617,0,0,0,0,0,0,0,0,0,5.54
Vegetables and Vegetable Products,4.31,0.35,5.74,34,0,3350,0,0,0,0,0,0,0,0,0,5.74
Vegetables and Vegetable Products,2.11,0.35,3.87,22,1.3,0,0.02,28.4,28.4,0,1.14,0.148,0.05,0,0.06,2.57
Nut and Seed Products,7.4,5.59,29.24,191,5.2,256,0,0,0,0,0.877,0.32,0,0,1.509,24.04
Nut and Seed Products,5.3,2.3,32,168,4.8,238,0,0,0,0,0.816,0.298,0,0,0.621,27.2
Nut and Seed Products,5.97,0.99,46.28,217,0,248,0,0,0,0,1.103,0.403,0,0,0.267,46.28
Nut and Seed Products,8.62,1.68,79.39,367,14.9,216,0,0,0,0,1.875,0.685,0,0,0.454,64.49
Nut and Seed Products,16.54,30.74,42.12,486,34.4,54,0.5,0,0,0,0,0,0,0,3.33,7.72
Nut and Seed Products,40.96,6.2,40.54,359,3,434,0,0,0,0,0.448,0.769,0,0,1.588,37.54
Nut and Seed Products,49.83,1.41,36.1,332,0,432,0,0,0,0,0.445,0.764,0,0,0.31,36.1
Nut and Seed Products,49.1,4.77,38.43,367,0,458,0,0,0,0,0.472,0.811,0,0,1.207,38.43
Nut and Seed Products,31.56,48.75,8.67,553,4,11,0.8,0,0,0,0,0.6,0,0,4.6,4.67
Nut and Seed Products,15.41,1.97,64.47,332,0,50,0,0,0,0,0.851,0.629,0,0,0.33,64.47
Nut and Seed Products,30.23,49.05,10.71,559,6,16,2.18,0,0,0,0.75,0.143,0,0,8.659,4.71
Nut and Seed Products,29.84,49.05,14.71,574,6.5,8,0.56,0,0,0,0.57,0.1,0,0,8.544,8.21
Nut and Seed Products,16.18,38.45,34.29,517,0,50,0,0,0,0,4.03,1.17,0,0,3.682,34.29
Nut and Seed Products,35.62,2.39,48.73,342,0,49,0,0,0,0,3.996,1.161,0,0,0.207,48.73
Nut and Seed Products,17.73,49.67,23.45,573,11.8,9,0.25,0,0,0,0.05,0.79,0,0,6.957,11.65
Nut and Seed Products,16.96,48,25.74,565,14,9,0,0,0,0,0.051,0.802,0,0,6.722,11.74
Nut and Seed Products,16.96,48,26.04,567,16.9,66,0.25,0,0,0,0.68,0.146,0,0,6.722,9.14
Nut and Seed Products,40.32,11.89,35.14,382,0,69,0,0,0,0,2.76,0.152,0,0,1.634,35.14
Nut and Seed Products,50.14,1.75,35.51,333,0,64,0,0,0,0,2.745,0.142,0,0,0.201,35.51
Nut and Seed Products,16.96,48,26.04,567,0,66,0,0,0,0,2.807,0.146,0,0,6.722,26.04
Nut and Seed Products,20.78,51.46,20,584,8.6,50,35.17,0,0,0,1.13,1.345,0,0,4.455,11.4
Nut and Seed Products,19.33,49.8,24.07,582,11.1,9,26.1,0,0,0,7.042,0.804,0,0,5.219,12.97
Nut and Seed Products,20.06,51.3,22.89,592,10.6,9,36.33,0,0,0,6.942,0.792,0,0,7.068,12.29
Nut and Seed Products,17.21,56.8,20.59,619,11.5,0,0,0,0,0,7.056,0.805,0,0,5.953,9.09
Nut and Seed Products,17.28,55.2,23.32,617,5.7,52,22.89,0,0,0,1.167,0.55,0,0,4.678,17.62
Nut and Seed Products,48.06,1.61,35.83,326,5.2,49,0,0,0,0,6.595,0.753,0,0,0.138,30.63
Nut and Seed Products,6.15,23.86,40.75,387,0,39,0,0,0,0,0.715,0.528,0,0,3.102,40.75
Nut and Seed Products,8.1,31.41,53.66,509,0,0,0,0,0,0,0.94,0.695,0,0,4.084,53.66
Nut and Seed Products,7.49,30.17,54.65,501,0,51,0,0,0,0,0.931,0.688,0,0,3.923,54.65
Nut and Seed Products,21.15,49.93,21.55,579,12.5,2,25.63,0,0,0,0.471,0.137,0,0,3.802,9.05
Nut and Seed Products,21.4,52.52,18.67,590,9.9,7,23.75,0,0,0,0.314,0.115,0,0,3.953,8.77
Nut and Seed Products,20.96,52.54,21.01,598,10.9,1,23.9,0,0,0,0.321,0.136,0,0,4.092,10.11
Nut and Seed Products,21.23,55.17,17.68,607,10.5,1,25.97,0,0,0,0.229,0.118,0,0,4.208,7.18
Nut and Seed Products,9,27.74,47.81,458,4.8,0,13.54,0,0,0,0.113,0.036,0,0,2.629,43.01
Nut and Seed Products,6.2,50,33.5,576,0,0,0,0,0,0,0.925,0.684,0,0,5.719,33.5
Nut and Seed Products,14.32,67.1,11.74,659,7.5,0,5.65,0,0,0,0.184,0.101,0,0,16.134,4.24
Nut and Seed Products,24.9,56.98,12.05,612,4.7,124,0,0,0,0,0.633,0.56,0,0,1.306,7.35
Nut and Seed Products,15.31,46.35,32.69,574,3,0,0.92,0,0,0,1.217,0.256,0,0,9.157,29.69
Nut and Seed Products,16.84,47.77,29.87,580,3.3,0,0.92,0,0,0,0.88,0.323,0,0,8.478,26.57
Nut and Seed Products,18.22,43.85,30.19,553,3.3,0,0.9,0,0,0,0.864,0.417,0,0,7.783,26.89
Nut and Seed Products,17.56,49.41,27.57,587,2,0,0,0,0,0,1.201,0.252,0,0,9.763,25.57
Nut and Seed Products,4.2,1.11,49.07,224,0,202,0,0,0,0,0.555,0.41,0,0,0.164,49.07
Nut and Seed Products,6.82,1.81,79.76,363,0,328,0,0,0,0,0.902,0.666,0,0,0.266,79.76
Nut and Seed Products,2.88,0.76,33.64,153,0,138,0,0,0,0,0.381,0.281,0,0,0.112,33.64
Nut and Seed Products,4.48,1.19,52.36,239,0,5,0,0,0,0,0.592,0.437,0,0,0.175,52.36
Nut and Seed Products,2.42,2.26,45.54,213,8.1,28,0,0,0,0,0.509,0.376,0,0,0.425,37.44
Nut and Seed Products,1.63,1.25,44.17,196,0,26,0,0,0,0,0.476,0.352,0,0,0.235,44.17
Nut and Seed Products,6.39,4.45,77.31,374,11.7,0,0,0,0,0,0.897,0.663,0,0,0.837,65.61
Nut and Seed Products,5.01,3.91,78.43,369,0,0,0,0,0,0,0.901,0.666,0,0,0.736,78.43
Nut and Seed Products,2,1.38,27.76,131,0,17,0,0,0,0,0.316,0.233,0,0,0.26,27.76
Nut and Seed Products,3.33,33.49,15.23,354,9,0,0.24,0,0,0,0.3,0.054,0,0,29.698,6.23
Nut and Seed Products,6.88,64.53,23.65,660,16.3,0,0.44,0,0,0,0.8,0.3,0,0,57.218,7.35
Nut and Seed Products,3.13,27.99,51.85,456,9.9,0,0,0,0,0,0.14,0.03,0,0,26.396,41.95
Nut and Seed Products,3.35,31.69,40.91,443,4.5,0,0,0,0,0,0.633,0.237,0,0,28.101,36.41
Nut and Seed Products,5.3,47,44.4,592,0,0,0,0,0,0,0.817,0.306,0,0,41.678,44.4
Nut and Seed Products,3.63,34.68,6.65,330,2.2,0,0,0,0,0,0.261,0.047,0,0,30.753,4.45
Nut and Seed Products,1.17,16.31,53.21,357,0.2,0,0.13,0,0,0,0.163,0.029,0,0,15.472,53.01
Nut and Seed Products,2.29,23.84,5.54,230,2.2,0,0.15,0,0,0,0.183,0.033,0,0,21.14,3.34
Nut and Seed Products,2.02,21.33,2.81,197,0,0,0,0,0,0,0.153,0.028,0,0,18.915,2.81
Nut and Seed Products,0.72,0.2,3.71,19,1.1,0,0,0,0,0,0.043,0.032,0,0,0.176,2.61
Nut and Seed Products,14.95,60.75,16.7,628,9.7,20,15.03,0,0,0,0.918,0.563,0,0,4.464,7
Nut and Seed Products,13.7,61.15,17,629,11,40,17.5,0,0,0,0.815,0.585,0,0,4.669,6
Nut and Seed Products,15.03,62.4,17.6,646,9.4,61,15.28,0,0,0,0.923,0.62,0,0,4.511,8.2
Nut and Seed Products,4.32,1.68,37.6,182,0,558,0,0,0,0,0.16,0.328,0,0,0.319,37.6
Nut and Seed Products,10.35,2,72.45,348,0,1091,0,0,0,0,1.345,0.641,0,0,0.381,72.45
Nut and Seed Products,2.29,1.62,22.1,111,9.3,337,0,0,0,0,0.097,0.198,0,0,0.309,12.8
Nut and Seed Products,12.72,64.37,18.25,657,6.4,131,0,0,0,0,1.746,0.192,0,0,7.038,11.85
Nut and Seed Products,7.91,75.77,13.82,718,8.6,0,0.54,0,0,0,0.758,0.275,0,0,12.061,5.22
Nut and Seed Products,7.79,76.08,13.38,718,8,0,0.57,0,0,0,0.603,0.359,0,0,11.947,5.38
Nut and Seed Products,19.5,53.5,22.42,607,6.4,4,6.13,0,0,0,0,0.36,0,0,8.01,16.02
Nut and Seed Products,21.95,49.3,22.51,580,8.1,90,5.65,0,0,0,0,0.495,0,0,6.71,14.41
Nut and Seed Products,20.04,53.95,21.05,607,7,3,7.82,0,0,0,1.14,0.352,0,0,8.711,14.05
Nut and Seed Products,15.52,56.17,22.27,615,5.5,20,0,0,0,0,0.962,0.18,0,0,9.087,16.77
Nut and Seed Products,13.82,57.7,23.68,622,5.2,1,0,0,0,0,0.31,0.394,0,0,8.701,18.48
Nut and Seed Products,18,58.8,19.02,632,7.1,0,0,0,0,0,0.54,0,0,0,7.023,11.92
Nut and Seed Products,9.17,71.97,13.86,691,9.6,56,1.4,0,0,0,0.863,0.21,0,0,6.18,4.26
Nut and Seed Products,9.5,74.27,13.55,710,9.4,140,1.3,0,0,0,0.703,0.187,0,0,6.283,4.15
Nut and Seed Products,9.2,75.23,13.01,715,9.5,104,2.53,0,0,0,0.737,0.187,0,0,7.238,3.51
Nut and Seed Products,10.8,79.55,3.98,719,0,41,0,0,0,0,0.479,0.115,0,0,31.184,3.98
Nut and Seed Products,13.69,68.37,13.08,673,3.7,29,9.33,0,0,0,0.313,0.094,0,0,4.899,9.38
Nut and Seed Products,11.57,60.98,19.3,629,10.7,29,0,0,0,0,0.21,0.111,0,0,9.377,8.6
Nut and Seed Products,20.16,45.32,27.17,560,10.6,516,2.86,0,0,0,0.52,1.7,0,0,5.907,16.57
Nut and Seed Products,21.05,45.82,28.28,572,10.3,266,2.17,0,0,0,0.513,1.122,0,0,5.645,17.98
Nut and Seed Products,24.06,59.33,9.58,619,6.8,40,2.08,0,0,0,1.66,0.583,0,0,3.483,2.78
Nut and Seed Products,15.23,65.21,13.71,654,6.7,20,0.7,0,0,0,0.57,0.537,0,0,6.126,7.01
Nut and Seed Products,8.28,35.71,47.59,500,3.6,0,0,0,0,0,0,0,0,0,3.571,43.99
Nut and Seed Products,14.29,60.71,17.86,643,7.1,19,0.9,0,0,0,0,0.526,0,0,5.357,10.76
Nut and Seed Products,6.2,2.7,40.1,207,6,294,0,0,0,0,1.009,0.42,0,0,0.729,34.1
Nut and Seed Products,32.59,36.29,21.9,506,5.5,442,0,0,0,0,0.456,0.782,0,0,9.699,16.4
Nut and Seed Products,18.55,19.4,53.75,446,18.4,62,0,0,0,0,0.056,0.037,0,0,3.67,35.35
Nut and Seed Products,17,53.76,21.19,595,9.3,67,0.25,0,0,0,0.693,0.149,0,0,7.529,11.89
Nut and Seed Products,3.17,2.2,52.96,245,5.1,24,0.5,0,0,0,0.554,0.497,0,0,0.414,47.86
Nut and Seed Products,18.08,50.87,24.05,586,5.5,50,0,0,0,0,0.052,0.816,0,0,7.124,18.55
Nut and Seed Products,30.78,37.1,26.62,526,0,69,0,0,0,0,2.928,0.152,0,0,5.196,26.62
Nut and Seed Products,17.95,56.44,17.89,607,9.3,67,0,0,0,0,0.694,0.149,0,0,7.904,8.59
Nut and Seed Products,28.33,47.37,15.31,557,0,0,0,0,0,0,0.346,0.089,0,0,9.779,15.31
Nut and Seed Products,5.25,1.24,81.43,360,0,86,0,0,0,0,0.481,0.659,0,0,0.183,81.43
Nut and Seed Products,1.61,20.8,5.58,202,0,0,0,0,0,0,0.161,0.03,0,0,18.445,5.58
Nut and Seed Products,5.3,69.08,21.52,684,0,0,0,0,0,0,0.811,0.304,0,0,61.257,21.52
Nut and Seed Products,2.88,35.49,47.67,501,4.5,0,0.39,0,0,0,0.722,0.271,0,0,31.468,43.17
Nut and Seed Products,12.14,4.6,58.26,318,0,63,0,0,0,0,0.997,0.778,0,0,0.902,58.26
Nut and Seed Products,20.96,55.5,18.82,614,10.3,1,24.21,0,0,0,0.318,0.103,0,0,4.152,8.52
Nut and Seed Products,17.81,48,26.19,570,9.3,67,0,0,0,0,0.694,0.149,0,0,6.722,16.89
Nut and Seed Products,13.11,62.3,20.79,647,5.2,1,0,0,0,0,0.312,0.348,0,0,9.37,15.59
Nut and Seed Products,20.45,61.21,11.73,631,11.6,66,1.68,0,0,0,0.29,0.4,0,0,9.055,0.13
Nut and Seed Products,2.25,0.53,34.91,154,0,37,0,0,0,0,0.206,0.283,0,0,0.078,34.91
Nut and Seed Products,0.82,0.19,12.64,56,0,13,0,0,0,0,0.075,0.102,0,0,0.028,12.64
Nut and Seed Products,2.97,0.8,45.13,201,0,74,0,0,0,0,0.466,0.418,0,0,0.118,45.13
Nut and Seed Products,4.13,0.53,17.28,89,0,13,0,0,0,0,0.228,0.168,0,0,0.088,17.28
Nut and Seed Products,18.17,49.9,27.9,594,13.7,0,0,0,0,0,0.258,0.085,0,0,4.73,14.2
Nut and Seed Products,18.29,42.16,28.88,534,27.3,0,0.31,0,0,0,0.985,0.473,0,0,3.663,1.58
Nut and Seed Products,29.84,49.05,14.71,574,6.5,8,0.56,0,0,0,0.57,0.1,0,0,8.544,8.21
Nut and Seed Products,16.96,48,26.04,567,16.9,66,0.25,0,0,0,0.68,0.146,0,0,6.722,9.14
Nut and Seed Products,19.33,49.8,15.31,546,9,9,26.1,0,0,0,7.042,0.804,0,0,5.219,6.31
Nut and Seed Products,19.33,49.8,24.07,582,9,9,26.1,0,0,0,7.042,0.804,0,0,5.219,15.07
Nut and Seed Products,20.06,51.3,22.89,592,10.6,9,36.33,0,0,0,6.942,0.792,0,0,7.068,12.29
Nut and Seed Products,17.21,56.8,20.59,619,11.5,0,0,0,0,0,7.056,0.805,0,0,5.953,9.09
Nut and Seed Products,17.28,55.2,23.32,617,5.7,52,22.89,0,0,0,1.167,0.55,0,0,4.678,17.62
Nut and Seed Products,20.96,52.54,21.01,598,10.9,1,23.9,0,0,0,0.321,0.136,0,0,4.092,10.11
Nut and Seed Products,21.23,55.17,17.68,607,10.5,1,25.97,0,0,0,0.229,0.118,0,0,4.208,7.18
Nut and Seed Products,21.43,55.89,17.86,607,10.7,0,25.13,0,0,0,0,0,0,0,3.571,7.16
Nut and Seed Products,15.31,46.35,32.69,574,3,0,0.92,0,0,0,1.217,0.256,0,0,9.157,29.69
Nut and Seed Products,16.84,47.77,30.16,581,3.3,0,0.92,0,0,0,0.88,0.323,0,0,8.478,26.86
Nut and Seed Products,12.12,53.03,30.3,609,3,0,5.08,0,0,0,0,0.203,0,0,10.606,27.3
Nut and Seed Products,7.79,76.08,12.83,716,8,0,0.57,0,0,0,0.603,0.359,0,0,11.947,4.83
Nut and Seed Products,17.3,51.45,25.35,594,9,5,10.94,0,0,0,1.205,0.296,0,0,6.5,16.35
Nut and Seed Products,20.04,53.95,21.05,607,7,3,7.82,0,0,0,1.14,0.352,0,0,8.711,14.05
Nut and Seed Products,15.52,56.17,22.27,615,5.5,8,8.2,0,0,0,0.962,0.18,0,0,9.087,16.77
Nut and Seed Products,9.5,74.27,13.55,710,9.4,140,1.3,0,0,0,0.703,0.187,0,0,6.283,4.15
Nut and Seed Products,9.2,75.23,13.01,715,9.5,104,2.53,0,0,0,0.737,0.187,0,0,7.238,3.51
Nut and Seed Products,21.05,45.82,27.55,569,10.3,266,2.17,0,0,0,0.513,1.122,0,0,5.645,17.25
Nut and Seed Products,18.55,19.4,53.75,446,18.4,62,0,0,0,0,0.056,0.037,0,0,3.67,35.35
Nut and Seed Products,21.23,55.17,17.68,607,10.5,1,25.97,0,0,0,0.229,0.118,0,0,4.207,7.18
Nut and Seed Products,20.96,55.5,18.82,614,10.3,1,24.21,0,0,0,0.318,0.103,0,0,6.55,8.52
Nut and Seed Products,17.4,53.01,21.5,592,4.7,67,0,0,0,0,0,0.15,0,0,7.423,16.8
Nut and Seed Products,20.04,53.95,21.05,607,7,3,7.82,0,0,0,1.14,0.352,0,0,8.711,14.05
Nut and Seed Products,17.86,50,25,607,7.1,27,7.68,0,0,0,0.607,0.357,0,0,7.143,17.9
Beef Products,23.07,2.69,0,117,0,0,0.22,0,0,0,0.678,0.651,1.27,55,1.032,0
Beef Products,17.32,24.05,0,291,0,0,0,0,0,0,0.32,0.33,2.67,74,9.75,0
Beef Products,17.48,22.55,0,278,0,0,0,0,0,0,0.32,0.33,2.69,74,9.16,0
Beef Products,8.21,70.89,0,674,0,0,0,0.3,0,0.3,0.163,0.108,0.73,99,29.45,0
Beef Products,10.65,70.33,0,680,0,0,0,0.4,0,0.4,0.221,0.14,0.9,95,28.5,0
Beef Products,20.72,7.37,0,155,0,0,0.32,0,0,0,0.35,0.42,2.43,62,2.59,0
Beef Products,19.42,12.73,0,198,0,0,0.35,0,0,0,0.576,0.355,1.97,62,5.335,0
Beef Products,28.97,17.37,0,280,0,0,0.5,0.3,0,0.3,0.572,0.285,1.92,107,6.888,0
Beef Products,21.22,8.29,0,165,0,0,0.33,0.1,0,0.1,0.619,0.571,1.18,68,3.443,0
Beef Products,26.98,16.44,0,263,0,0,0.69,0,0,0,0.37,0.35,3.3,72,6.92,0
Beef Products,27.55,9.31,0,202,0,0,0.39,0,0,0,0.542,0.549,1.82,81,3.84,0
Beef Products,21.72,6.29,0,149,0,0,0.31,0.1,0,0.1,0.647,0.596,1.18,69,2.612,0
Beef Products,28.02,13,0,237,0,0,0.14,0.2,0,0.2,0.38,0.36,3.41,71,5.54,0
Beef Products,27.82,8.32,0,194,0,0,0.38,0,0,0,0.546,0.579,1.74,80,3.452,0
Beef Products,17.51,22.07,0,274,0,0,0,0,0,0,0.29,0.36,3.11,68,9,0
Beef Products,26.58,16.76,0,265,0,0,0.47,0,0,0,0.523,0.53,1.75,88,6.506,0
Beef Products,20.13,8.3,0,161,0,0,0,0,0,0,0.34,0.42,3.57,59,3.23,0
Beef Products,28.88,9.01,0,205,0,0,0.41,0,0,0,0.567,0.601,1.8,90,3.43,0
Beef Products,14.4,36.23,0,388,0,0,0,0,0,0,0.241,0.3,2.56,76,15.76,0
Beef Products,21.57,41.98,0,471,0,0,0.29,0.7,0,0.7,0.252,0.22,2.62,94,17.8,0
Beef Products,19.05,10.19,0,173,0,0,0,0,0,0,0.32,0.39,3.39,59,4.33,0
Beef Products,30.76,18.13,0,295,0,0,0.14,0.3,0,0.3,0.337,0.28,3.46,93,7.74,0
Beef Products,29.21,7.31,0,191,0,0,0.14,0.1,0,0.1,0.41,0.4,3.17,78,2.56,0
Beef Products,29.25,5.22,0,172,0,0,0,0,0,0,0.41,0.41,3.17,78,1.83,0
Beef Products,32.21,9.24,0,221,0,0,0.44,0,0,0,0.634,0.313,2.62,92,3.638,0
Beef Products,20.52,17.57,0,246,0,0,1.96,0,0,0,0.125,0.168,1.66,77,8.59,0
Beef Products,21.75,3.85,0,128,0,0,0,0,0,0,0.35,0.47,3.33,39,1.28,0
Beef Products,33.68,6.36,0,201,0,0,0,0,0,0,0.41,0.37,3.79,78,2.29,0
Beef Products,22.13,7.39,0,161,0,0,0.13,0.1,0,0.1,0,0.647,1.93,59,2.894,0
Beef Products,27.65,11.36,0,221,0,5,0.14,0.1,0,0.1,0,0.734,2.14,85,4.407,0
Beef Products,22.1,7.27,0,160,0,0,0.28,0.1,0,0.1,0.347,0.634,1.79,59,2.782,0
Beef Products,27.48,11.05,0,217,0,5,0.14,0.1,0,0.1,0.307,0.758,1.89,81,4.6,0
Beef Products,21.17,6.57,0,149,0,0,0,0,0,0,0.257,0.302,2.51,60,2.65,0
Beef Products,30.54,10.46,0,216,0,6,0.08,0.1,0,0.1,0.76,0.318,3.39,104,4.002,0
Beef Products,21.13,6.07,0.31,140,0,7,0.18,0.1,0,0.1,0.745,0.426,3.11,66,2.58,0.31
Beef Products,21.19,6.51,0.39,145,0,6,0.17,0.1,0,0.1,0.69,0.406,3.26,65,2.76,0.39
Beef Products,23.05,21.83,0,295,0,0,0,0.2,0,0.2,0.545,0.435,2.65,84,8.805,0
Beef Products,10.86,10.3,1.05,143,0,147,0.99,0,0,0,2.01,0.226,9.51,3010,2.3,1.05
Beef Products,12.57,15.83,0,196,0,0,0,0,0,0,0.57,0.39,15.2,1995,3.74,0
Beef Products,11.67,10.53,1.48,151,0,117,1.67,0,0,0,1.21,0.143,10.1,3100,2.394,1.48
Beef Products,17.72,3.94,0.14,112,0,0,0.22,0,0,0,1.79,0.279,8.55,124,1.383,0.14
Beef Products,28.48,4.73,0.15,165,0,0,0.29,0.1,0,0.1,1.6,0.245,10.8,212,1.404,0.15
Beef Products,17.4,3.09,0.29,99,0,1397,0.22,1.1,0,1.1,3.97,0.665,27.5,411,0.868,0.29
Beef Products,27.27,4.65,0,158,0,0,0.08,1.1,0,1.1,1.56,0.391,24.9,716,1.439,0
Beef Products,20.36,3.63,3.89,135,0,16898,0.38,1.2,0,1.2,7.173,1.083,59.3,275,1.233,3.89
Beef Products,29.08,5.26,5.13,191,0,31714,0.51,1.2,0,1.2,7.11,1.017,70.58,396,2.947,5.13
Beef Products,26.52,4.68,5.16,175,0,26088,0.46,1.2,0,1.2,6.943,1.027,83.13,381,2.53,5.16
Beef Products,16.2,2.5,0,92,0,46,0,0,0,0,1,0.04,3.81,242,0.86,0
Beef Products,20.4,3.7,0,120,0,39,0,0,0,0,0.623,0.02,2.59,277,1.27,0
Beef Products,14.97,23.52,0,276,0,0,0,0,0,0,0.279,0.29,2.56,209,11.78,0
Beef Products,15.7,18.6,0,235,0,0,0,0,0,0,3.9,0.2,14,205,6.41,0
Beef Products,27.1,17.2,0,271,0,0,0,0,0,0,4.248,0.18,16.6,262,5.9,0
Beef Products,18.3,3,0,105,0,0,0,0,0,0,1.081,0.07,5.68,263,1,0
Beef Products,25.1,4.2,0,145,0,0,0,0,0,0,0.876,0.04,5.02,347,1.39,0
Beef Products,1.5,94,0,854,0,0,1.5,0,0,0,0.058,0.03,0.27,68,52.3,0
Beef Products,12.18,20.35,0,236,0,0,0,0,0,0,3.026,0.16,2.13,223,7.01,0
Beef Products,21.85,24.98,0,319,0,0,0,0,0,0,1.972,0.08,1.51,294,8.61,0
Beef Products,14.9,16.09,3.68,224,0,0,0,0,0,0,0.653,0.31,3.79,87,7,3.68
Beef Products,19.29,22.3,0,284,0,0,0.3,0.4,0,0.4,0.745,0.155,3.13,132,8.125,0
Beef Products,12.07,3.69,0,85,0,0,0.09,0,0,0,0.227,0.014,1.39,122,1.291,0
Beef Products,16.5,27,0,309,0,0,0.21,0.4,0,0.4,0.354,0.246,2.71,71,11.538,0
Beef Products,32.62,8.07,0,212,0,0,0.43,0,0,0,0.641,0.323,2.53,99,3.053,0
Beef Products,12.5,38.8,0.7,406,0,0,0,0,0,0,0.217,0.17,1.64,82,15.95,0.7
Beef Products,31.3,34.4,1.4,449,0,0,0.29,0.2,0,0.2,0.343,0.31,3.45,119,14.35,1.4
Beef Products,14.68,14.9,0.14,198,0,0,0,0,0,0,0.57,0.29,1.78,54,4.73,0.14
Beef Products,18.17,18.98,0.47,251,0,0,0.16,0.1,0,0.1,0.42,0.23,1.63,98,6.34,0.47
Sausages and Luncheon Meats,27.1,14.93,0,250,0,0,0.15,0.2,0,0.2,0.626,0.13,1.62,86,6.18,0
Beef Products,21.03,5.41,0.19,134,0,7,0.18,0.1,0,0.1,0.8,0.454,2.89,66,2.572,0.19
Sausages and Luncheon Meats,31.1,1.94,2.76,153,0,0,0.38,0,0,0,0.566,0.386,1.59,79,0.95,2.76
Beef Products,26.5,12.64,0.14,220,0,5,0.08,0.1,0,0.1,0.92,0.418,3.73,93,5.28,0.14
Beef Products,26.49,13.42,0.28,228,0,5,0.09,0.1,0,0.1,0.87,0.399,3.5,89,5.565,0.28
Sausages and Luncheon Meats,19,3.3,0,111,0,0,0,0,0,0,0.687,0.25,5.14,34,1.41,0
Beef Products,26.53,11.46,0,209,0,7,0.07,0.1,0,0.1,0.97,0.461,4.28,98,4.73,0
Sausages and Luncheon Meats,21.8,5.82,0.36,147,0,42,0.12,0.1,0,0.1,0.265,0.221,1.87,68,2.681,0.36
Beef Products,19.42,9.99,0.49,170,0,7,0.14,0.1,0,0.1,0.805,0.405,3.1,69,4.132,0.49
Sausages and Luncheon Meats,14.11,26.91,2.42,312,0,0,0,0,0,0,0.188,0.11,1.86,67,11.44,2.42
Sausages and Luncheon Meats,20.19,4.42,1.86,133,0,0,0,0,0,0,0.59,0.35,1.73,46,1.81,1.86
Beef Products,19.23,10.96,0.67,178,0,7,0.15,0.1,0,0.1,0.87,0.407,2.95,70,4.588,0.67
Beef Products,28.4,12.42,0,230,0,14,0.19,0.1,0,0.1,0.457,0.542,2.73,89,4.853,0
Beef Products,28.17,12.53,0,233,0,14,0.22,0.1,0,0.1,0.507,0.541,2.76,86,5.016,0
Beef Products,28.61,9.18,0,203,0,13,0.2,0.1,0,0.1,0.552,0.566,2.63,85,3.69,0
Beef Products,29.9,8.37,0,203,0,5,0.22,0.1,0,0.1,0.52,0.564,2.86,90,3.247,0
Beef Products,29.51,8.87,0,206,0,4,0.23,0.1,0,0.1,0.5,0.565,2.96,89,3.374,0
Beef Products,29.88,7.12,0,188,0,6,0.2,0.1,0,0.1,0.58,0.571,3,89,2.7,0
Beef Products,26.79,19.52,0,291,0,0,0.19,0.3,0,0.3,0.32,0.27,2.45,93,7.53,0
Beef Products,29.75,10.08,0,218,0,0,0.14,0.2,0,0.2,0.36,0.29,2.6,93,3.63,0
Beef Products,32.9,8.01,0,213,0,0,0.44,0,0,0,0.649,0.322,2.43,92,3.152,0
Beef Products,33.26,6.99,0,205,0,0,0.43,0,0,0,0.654,0.318,2.42,100,2.647,0
Beef Products,23.53,28.5,0,358,0,0,0,0,0,0,0.29,0.24,2.33,92,11.24,0
Beef Products,28.05,13.8,0,244,0,0,0,0,0,0,0.34,0.28,2.58,91,5.18,0
Beef Products,28.94,19.17,0,297,0,0,0.51,0.2,0,0.2,0.571,0.283,2.13,116,7.548,0
Beef Products,29.23,17.56,0,283,0,0,0.5,0,0,0,0.577,0.288,1.93,115,6.911,0
Beef Products,33.36,7.67,0,212,0,0,0.44,0,0,0,0.655,0.33,2.59,100,2.903,0
Beef Products,33.37,5.8,0,195,0,0,0.4,0,0,0,0.658,0.309,2.25,98,2.194,0
Beef Products,27.18,24.14,0,334,0,0,0.2,0.4,0,0.4,0.31,0.26,2.31,104,9.59,0
Beef Products,26.39,21.48,0,306,0,26,0.09,0.2,0,0.2,0.31,0.296,3.1,100,8.532,0
Beef Products,27.17,19.02,0,288,0,28,0.06,0.1,0,0.1,0.677,0.292,2.88,98,7.854,0
Beef Products,31.06,13.3,0,253,0,0,0.14,0.2,0,0.2,0.35,0.29,2.47,106,5.16,0
Beef Products,30.45,11.14,0,231,0,5,0.1,0.1,0,0.1,0.77,0.32,3.5,105,4.344,0
Beef Products,30.68,9.44,0,216,0,8,0.06,0.1,0,0.1,0.75,0.315,3.22,102,3.487,0
Beef Products,22.8,30.49,0,372,0,0,0,0,0,0,0.37,0.23,2.33,85,12.29,0
Beef Products,23.48,25.54,0,331,0,0,0,0,0,0,0.38,0.23,2.37,84,10.3,0
Beef Products,27.53,13.4,0,238,0,0,0.14,0.2,0,0.2,0.45,0.26,2.61,81,5.35,0
Beef Products,27.53,15,0,253,0,0,0,0,0,0,0.45,0.26,2.61,81,5.99,0
Beef Products,27.53,11.4,0,220,0,0,0,0,0,0,0.45,0.26,2.61,81,4.55,0
Beef Products,27.27,14.74,0,249,0,0,0.45,0.2,0,0.2,0.538,0.571,1.6,89,5.72,0
Beef Products,24.73,22.84,0,312,0,0,0,0,0,0,0.3,0.35,3,83,9.24,0
Beef Products,24.91,19.79,0,285,0,0,0,0,0,0,0.31,0.35,3.01,83,8.01,0
Beef Products,29.41,7.53,0,193,0,0,0.4,0.1,0,0.1,0.579,0.631,1.64,91,2.868,0
Beef Products,28.04,11.7,0,225,0,0,0,0,0,0,0.34,0.4,3.32,80,4.73,0
Beef Products,28.04,8.7,0,198,0,0,0,0,0,0,0.34,0.4,3.32,80,3.51,0
Beef Products,33.56,8.86,0,223,0,0,0.45,0.2,0,0.2,0.662,0.441,1.87,95,3.184,0
Beef Products,27.42,7.72,0,187,0,0,0.38,0,0,0,0.541,0.36,1.53,79,2.773,0
Beef Products,32.73,10,0,230,0,0,0.46,0,0,0,0.644,0.43,1.97,96,3.593,0
Beef Products,26.76,9.37,0,199,0,0,0.39,0,0,0,0.527,0.352,1.61,81,3.366,0
Beef Products,34.39,7.72,0,217,0,0,0.45,0,0,0,0.679,0.452,1.76,93,2.775,0
Beef Products,28.08,6.06,0,175,0,0,0.37,0,0,0,0.554,0.369,1.44,77,2.179,0
Beef Products,34,7.67,0,214,0,0,0.45,0.1,0,0.1,0.669,0.456,1.88,93,2.675,0
Beef Products,27.76,6.48,0,177,0,0,0.37,0,0,0,0.546,0.372,1.53,77,2.26,0
Beef Products,33.08,9.03,0,223,0,0,0.45,0,0,0,0.65,0.462,1.95,95,3.152,0
Beef Products,27.23,7.63,0,185,0,0,0.37,0,0,0,0.535,0.38,1.61,78,2.661,0
Beef Products,34.93,6.3,0,206,0,0,0.44,0,0,0,0.688,0.461,1.8,91,2.198,0
Beef Products,28.29,5.33,0,169,0,0,0.36,0,0,0,0.557,0.373,1.45,76,1.86,0
Beef Products,29.66,4.46,0,167,0,14,0.3,0,0,0,0.448,0.811,2.32,76,1.615,0
Beef Products,29.79,4.83,0,171,0,13,0.31,0,0,0,0.438,0.817,2.13,74,1.656,0
Beef Products,29.45,3.97,0,162,0,21,0.28,0,0,0,0.463,0.803,2.6,79,1.555,0
Beef Products,29.85,3.9,0,163,0,5,0.3,0,0,0,0.449,0.815,2.32,76,1.375,0
Beef Products,29.94,4.26,0,166,0,7,0.34,0,0,0,0.449,0.82,2.13,74,1.439,0
Beef Products,29.52,3.43,0,157,0,9,0.28,0,0,0,0.465,0.807,2.61,79,1.28,0
Beef Products,26.79,8.21,0,188,0,0,0.38,0.2,0,0.2,0.528,0.352,1.49,78,3.007,0
Beef Products,27.01,8.9,0,196,0,0,0.39,0,0,0,0.532,0.355,1.62,80,3.257,0
Beef Products,26.57,7.53,0,181,0,0,0.37,0,0,0,0.524,0.349,1.36,76,2.756,0
Beef Products,27.53,6.2,0,174,0,0,0.35,0.1,0,0.1,0.542,0.369,1.52,74,2.209,0
Beef Products,27.68,6.42,0,176,0,0,0.37,0,0,0,0.544,0.386,1.63,76,2.288,0
Beef Products,27.37,4.38,0,149,0,0,0.34,0,0,0,0.679,0.361,1.41,71,1.563,0
Beef Products,35.62,6.31,0,209,0,0,0.15,0.1,0,0.1,0.37,0.28,2.68,90,2.25,0
Beef Products,35.62,7.09,0,216,0,0,0,0,0,0,0.37,0.28,2.68,90,2.52,0
Beef Products,35.62,5.33,0,200,0,0,0,0,0,0,0.37,0.28,2.68,90,1.92,0
Beef Products,36.12,5.8,0,207,0,0,0,0,0,0,0.37,0.28,2.7,90,1.99,0
Beef Products,36.12,4,0,190,0,0,0,0,0,0,0.37,0.28,2.7,90,1.37,0
Beef Products,30.5,8.91,0,211,0,22,0.14,0.1,0,0.1,0.356,0.687,4.1,93,3.525,0
Beef Products,30.21,9.71,0,217,0,23,0.12,0.1,0,0.1,0.342,0.708,4.08,93,3.85,0
Beef Products,30.93,7.7,0,202,0,22,0.1,0.1,0,0.1,0.431,0.661,4.15,93,3.036,0
Beef Products,30.7,8.32,0,198,0,5,0.28,0.1,0,0.1,0.471,0.765,4.57,93,3.296,0
Beef Products,30.45,9.03,0,211,0,5,0.28,0.1,0,0.1,0.471,0.868,5.18,93,3.576,0
Beef Products,31.09,7.25,0,198,0,6,0.25,0.1,0,0.1,0.494,0.682,4.29,93,2.876,0
Beef Products,28.57,11.15,0,223,0,22,0.14,0.1,0,0.1,0.369,0.712,4.25,81,4.534,0
Beef Products,28.19,12.51,0,233,0,22,0.16,0.1,0,0.1,0.344,0.714,4.11,88,5.111,0
Beef Products,29.16,9.12,0,207,0,21,0.08,0.1,0,0.1,0.408,0.712,4.48,85,3.667,0
Beef Products,29.53,8.41,0,202,0,6,0.33,0.1,0,0.1,0.476,0.736,4.39,91,3.413,0
Beef Products,29.22,9.52,0,211,0,4,0.29,0.1,0,0.1,0.454,0.721,4.3,87,3.899,0
Beef Products,29.99,6.74,0,189,0,6,0.22,0.1,0,0.1,0.495,0.719,4.52,86,2.685,0
Beef Products,29.33,9.67,0,212,0,0,0.42,0.2,0,0.2,0.578,0.614,1.73,88,3.754,0
Beef Products,29.02,10.54,0,219,0,0,0.43,0,0,0,0.571,0.578,1.91,89,4.09,0
Beef Products,29.65,8.8,0,206,0,0,0.42,0,0,0,0.585,0.65,1.54,87,3.417,0
Beef Products,30.55,5.79,0,183,0,0,0.39,0.1,0,0.1,0.601,0.656,1.71,82,2.205,0
Beef Products,30.29,6.55,0,188,0,0,0.4,0,0,0,0.595,0.63,1.89,83,2.495,0
Beef Products,30.8,5.03,0,177,0,0,0.39,0,0,0,0.607,0.681,1.47,81,1.915,0
Beef Products,23.96,19.27,0,276,0,0,0.18,0,0,0,0.314,0.365,2.18,67,7.271,0
Beef Products,23.61,20.15,0,283,0,0,0.18,0,0,0,0.316,0.367,2.19,69,7.43,0
Beef Products,24.47,17.98,0,267,0,0,0.19,0,0,0,0.312,0.361,2.17,64,7.04,0
Beef Products,22.32,6.6,0,155,0,7,0.26,0.1,0,0.1,0,0.689,1.95,58,2.557,0
Beef Products,28.16,10.32,0,213,0,22,0.24,0.1,0,0.1,0,0.692,2.16,82,4.026,0
Beef Products,26.07,11.18,0,212,0,0,0.14,0,0,0,0.34,0.4,2.27,62,3.912,0
Beef Products,25.51,12.8,0,224,0,0,0.14,0,0,0,0.34,0.4,2.27,91,4.345,0
Beef Products,22.61,5.41,0,145,0,12,0.13,0,0,0,0,0.751,1.98,57,2.051,0
Beef Products,28.92,8.76,0,203,0,7,0.14,0.1,0,0.1,0,0.628,2.19,78,3.454,0
Beef Products,26.89,8.81,0,194,0,0,0.14,0,0,0,0.34,0.4,2.27,84,3.28,0
Beef Products,24.18,15.93,0,247,0,0,0.18,0,0,0,0.309,0.361,2.19,60,6.074,0
Beef Products,24.05,17.26,0,258,0,0,0.18,0,0,0,0.307,0.359,2.19,61,6.449,0
Beef Products,24.38,14,0,230,0,0,0.17,0,0,0,0.311,0.364,2.2,59,5.527,0
Beef Products,22.22,6.5,0,153,0,7,0.26,0.1,0,0.1,0.358,0.638,1.81,59,2.53,0
Beef Products,27.86,10.37,0,212,0,6,0.23,0.1,0,0.1,0.323,0.757,1.96,82,4.219,0
Beef Products,25.98,9.61,0,198,0,0,0.14,0,0,0,0.33,0.39,2.27,83,3.27,0
Beef Products,22.41,5.34,0,144,0,7,0.23,0,0,0,0.375,0.644,1.84,59,2.152,0
Beef Products,28.45,9.35,0,206,0,7,0.24,0.1,0,0.1,0.374,0.754,2.07,83,3.648,0
Beef Products,26,7.36,0,177,0,0,0.14,0,0,0,0.33,0.39,2.27,80,2.82,0
Beef Products,33.9,5.92,0,198,0,0,0.43,0,0,0,0.668,0.314,2.28,102,2.241,0
Beef Products,20.48,7.01,0,151,0,0,0.3,0,0,0,0.589,0.607,1.48,62,2.778,0
Beef Products,20.16,7.73,0,156,0,0,0.3,0,0,0,0.589,0.595,1.71,63,3.066,0
Beef Products,20.8,6.28,0,145,0,0,0.29,0,0,0,0.589,0.618,1.24,61,2.489,0
Beef Products,29.93,6.05,0,182,0,0,0.38,0,0,0,0.59,0.661,1.43,95,2.305,0
Beef Products,30.09,3.77,0,162,0,9,0.32,0,0,0,0.497,0.882,2.28,86,1.556,0
Beef Products,30.24,4.11,0,166,0,9,0.34,0,0,0,0.486,0.891,2.3,85,1.562,0
Beef Products,29.81,3.37,0,158,0,10,0.3,0,0,0,0.514,0.869,2.26,88,1.278,0
Beef Products,25.56,17.86,0,270,0,9,0.12,0,0,0,0.807,0.428,2.8,89,6.942,0
Beef Products,23.87,15.37,0,241,0,9,0.12,0,0,0,0.512,0.311,2.49,88,6.073,0
Beef Products,22.86,15.54,0,238,0,10,0.13,0,0,0,0.593,0.332,2.79,84,6.075,0
Beef Products,25.38,18.66,0,277,0,9,0.12,0,0,0,0.658,0.336,2.9,88,7.344,0
Beef Products,14.35,30,0,332,0,14,0.17,0.1,0,0.1,0.395,0.278,2.07,78,11.754,0
Beef Products,19.71,8.54,0.21,157,0,8,0.12,0.1,0,0.1,0.74,0.43,3.32,68,3.449,0.21
Beef Products,28.15,9.23,0,196,0,6,0.14,0.1,0,0.1,1.025,0.404,5.18,95,3.771,0
Beef Products,28.28,9.83,0,202,0,5,0.14,0.1,0,0.1,0.98,0.389,5.11,93,3.984,0
Beef Products,27.96,8.34,0,187,0,7,0.12,0.1,0,0.1,1.07,0.399,5.35,98,3.451,0
Beef Products,20.36,6.42,0,139,0,6,0.18,0.1,0,0.1,0.945,0.407,4.38,69,2.73,0
Beef Products,20.35,6.88,0,143,0,6,0.17,0.1,0,0.1,0.88,0.418,4.35,68,2.9,0
Beef Products,20.39,5.73,0,133,0,7,0.2,0.1,0,0.1,1.01,0.392,4.42,71,2.472,0
Beef Products,21.47,5.11,0,132,0,6,0.14,0.1,0,0.1,0.725,0.622,1.81,67,1.844,0
Beef Products,21.28,5.75,0,137,0,6,0.17,0.1,0,0.1,0.68,0.617,1.73,67,1.993,0
Beef Products,21.74,4.14,0,124,0,7,0.11,0.1,0,0.1,0.77,0.63,1.95,69,1.58,0
Beef Products,27.59,11.07,0,210,0,22,0.13,0.1,0,0.1,1.005,0.397,5.04,95,4.528,0
Beef Products,21.64,4.09,0,123,0,6,0.18,0,0,0,0.795,0.583,2.76,65,1.653,0
Beef Products,21.45,4.35,0.11,125,0,5,0.2,0,0,0,0.77,0.57,2.69,64,1.709,0.11
Beef Products,21.93,3.7,0,121,0,7,0.16,0,0,0,0.82,0.601,2.86,68,1.53,0
Beef Products,27.51,12.26,0,220,0,21,0.14,0.1,0,0.1,0.952,0.38,4.94,92,4.968,0
Beef Products,19.18,11.48,0,180,0,13,0.19,0.1,0,0.1,0.614,0.383,2.73,69,5.042,0
Beef Products,19.14,12.02,0,185,0,12,0.21,0.1,0,0.1,0.553,0.365,2.69,67,5.072,0
Beef Products,19.25,10.67,0,173,0,13,0.14,0.1,0,0.1,0.675,0.414,2.78,73,4.998,0
Beef Products,20.01,14.42,0,214,0,7,0.28,0.1,0,0.1,0.463,0.529,1.5,72,6.036,0
Beef Products,26.11,16.59,0,259,0,11,0.31,0.2,0,0.2,0.463,0.478,1.81,87,6.782,0
Beef Products,19.79,15.42,0,222,0,6,0.29,0.1,0,0.1,0.484,0.523,1.61,72,6.43,0
Beef Products,25.85,17.68,0,268,0,11,0.33,0.1,0,0.1,0.463,0.47,1.9,89,7.243,0
Beef Products,19.06,12.4,0,192,0,6,0.25,0,0,0,0.46,0.496,1.27,68,5.219,0
Beef Products,26.06,15.09,0,245,0,10,0.28,0.1,0,0.1,0.461,0.451,1.58,85,6.163,0
Beef Products,18.42,19.06,0,251,0,0,0,0,0,0,0.31,0.38,2.25,68,7.53,0
Beef Products,25.85,24.5,0,331,0,0,0.19,0.4,0,0.4,0.31,0.26,2.4,93,9.44,0
Beef Products,17.94,22.18,0,277,0,0,0.44,0,0,0,0.516,0.425,1.54,92,8.951,0
Beef Products,28.82,18.42,0,289,0,0,0.51,0,0,0,0.568,0.282,2.12,106,7.305,0
Beef Products,17.65,20.98,0,265,0,0,0,0,0,0,0.3,0.36,2.24,71,8.42,0
Beef Products,24.4,27.17,0,349,0,0,0,0,0,0,0.3,0.25,2.38,92,10.64,0
Beef Products,19.23,17.98,0,244,0,0,0.4,0,0,0,0.553,0.456,1.65,91,7.254,0
Beef Products,30.12,19.22,0,302,0,0,0.53,0.3,0,0.3,0.594,0.295,2.22,120,7.62,0
Beef Products,19.14,18.57,0,249,0,0,0.41,0,0,0,0.559,0.425,1.79,89,7.492,0
Beef Products,30.2,19.93,0,309,0,0,0.54,0.3,0,0.3,0.595,0.29,2.46,121,7.902,0
Beef Products,19.33,17.39,0,239,0,0,0.4,0,0,0,0.548,0.486,1.5,93,7.016,0
Beef Products,30.05,18.5,0,295,0,0,0.52,0.3,0,0.3,0.593,0.296,1.99,119,7.337,0
Beef Products,17.16,19.41,0,248,0,0,0,0,0,0,0.29,0.36,3.4,71,7.82,0
Beef Products,26.78,25.12,0,341,0,0,0.2,0.4,0,0.4,0.31,0.26,2.29,104,10,0
Beef Products,16.98,21.31,0,265,0,0,0,0,0,0,0.29,0.35,3.36,72,8.59,0
Beef Products,26.37,27.26,0,359,0,0,0.21,0.4,0,0.4,0.31,0.26,2.27,103,10.86,0
Beef Products,17.37,17.33,0,230,0,0,0,0,0,0,0.29,0.36,3.44,71,6.99,0
Beef Products,27.33,22.35,0,318,0,0,0,0,0,0,0.32,0.26,2.31,104,8.89,0
Beef Products,26.65,8.46,0,183,0,5,0.12,0.1,0,0.1,0.725,0.409,3.24,83,3.422,0
Beef Products,26.41,9.36,0,190,0,4,0.14,0.1,0,0.1,0.74,0.399,3.46,84,3.751,0
Beef Products,27.02,7.12,0,172,0,6,0.08,0.1,0,0.1,0.71,0.413,2.85,81,2.929,0
Beef Products,16.53,26.1,0,306,0,0,0,0,0,0,0.31,0.31,2.82,70,10.76,0
Beef Products,22.42,26.75,0,337,0,0,0,0,0,0,0.33,0.27,2.89,82,10.85,0
Beef Products,22.77,28.11,0,351,0,0,0,0,0,0,0.32,0.23,2.56,84,11.33,0
Beef Products,16.34,27.93,0,322,0,0,0,0,0,0,0.31,0.31,2.79,71,11.51,0
Beef Products,22.26,28.5,0,352,0,0,0,0,0,0,0.32,0.27,2.87,82,11.57,0
Beef Products,22.6,29.79,0,365,0,0,0.24,0.5,0,0.5,0.31,0.23,2.55,84,12.01,0
Beef Products,16.75,23.95,0,288,0,0,0,0,0,0,0.31,0.32,2.86,70,9.88,0
Beef Products,22.73,24.2,0,315,0,0,0,0,0,0,0.33,0.28,2.93,81,9.81,0
Beef Products,23.1,25.63,0,330,0,0,0,0,0,0,0.32,0.24,2.58,84,10.32,0
Beef Products,16.15,31.66,0,355,0,0,0,0,0,0,0.3,0.31,2.76,72,13.22,0
Beef Products,21.95,32.38,0,386,0,0,0,0,0,0,0.32,0.3,2.84,85,13.42,0
Beef Products,22.57,33.7,0,400,0,0,0,0,0,0,0.36,0.26,2.56,85,13.96,0
Beef Products,16.26,27.29,0,316,0,0,0,0,0,0,0.33,0.29,2.71,71,11.29,0
Beef Products,21.55,27.22,0,338,0,0,0,0,0,0,0.35,0.23,2.89,80,11.06,0
Beef Products,23.01,28.51,0,355,0,0,0.23,0.5,0,0.5,0.37,0.23,2.34,85,11.5,0
Beef Products,16.03,29.34,0,333,0,0,0,0,0,0,0.32,0.29,2.67,72,12.13,0
Beef Products,20.86,31.18,0,370,0,0,0,0,0,0,0.34,0.23,2.81,81,12.67,0
Beef Products,22.5,31.28,0,378,0,0,0,0,0,0,0.36,0.22,2.31,85,12.62,0
Beef Products,16.52,24.85,0,295,0,0,0,0,0,0,0.33,0.29,2.75,70,10.28,0
Beef Products,21.55,25.71,0,324,0,0,0,0,0,0,0.35,0.23,2.89,80,10.43,0
Beef Products,23.4,25.84,0,333,0,0,0,0,0,0,0.38,0.23,2.37,84,10.42,0
Beef Products,15.77,33.26,0,367,0,0,0,0,0,0,0.31,0.28,2.63,73,13.96,0
Beef Products,20.65,34.97,0,404,0,0,0,0,0,0,0.33,0.27,2.79,86,14.51,0
Beef Products,22.86,32.74,0,393,0,0,0,0,0,0,0.37,0.23,2.34,85,13.59,0
Beef Products,19.33,19.06,0,254,0,0,0.42,0,0,0,0.556,0.527,1,81,7.692,0
Beef Products,25.85,20.04,0,291,0,0,0.49,0.3,0,0.3,0.51,0.541,1.52,97,7.894,0
Beef Products,22.54,27.14,0,341,0,0,0,0,0,0,0.24,0.24,2.88,83,10.92,0
Beef Products,19.09,20.13,0,263,0,0,0.43,0,0,0,0.557,0.514,1.06,80,8.121,0
Beef Products,24.53,22.09,0,304,0,0,0.5,0,0,0,0.483,0.489,1.62,94,8.7,0
Beef Products,22.28,29.21,0,359,0,0,0,0,0,0,0.24,0.24,2.85,83,11.78,0
Beef Products,19.56,18,0,246,0,0,0.4,0,0,0,0.554,0.54,0.93,85,7.264,0
Beef Products,27.17,18,0,278,0,0,0.49,0,0,0,0.536,0.595,1.41,103,7.088,0
Beef Products,22.76,25.02,0,323,0,0,0,0,0,0,0.24,0.24,2.9,83,10.05,0
Beef Products,16.74,29.18,0,335,0,0,0,0,0,0,0.28,0.35,2.97,70,12.07,0
Beef Products,24.13,27.86,0,354,0,0,0,0,0,0,0.3,0.34,2.94,83,11.51,0
Beef Products,22.15,35.12,0,411,0,0,0,0,0,0,0.36,0.3,2.87,84,14.51,0
Beef Products,27.7,9.29,0,194,0,22,0.12,0.1,0,0.1,1.058,0.395,5.28,98,3.868,0
Beef Products,20.16,7.25,0,146,0,11,0.17,0.1,0,0.1,0.936,0.404,4.33,69,3.153,0
Beef Products,20.56,11.92,0,195,0,0,0.18,0.2,0,0.2,0.36,0.47,2.82,62,4.63,0
Beef Products,27.54,12.98,0,235,0,0,0.16,0.2,0,0.2,0.39,0.38,3.03,79,4.9,0
Beef Products,20.56,10.68,0,184,0,0,0,0,0,0,0.36,0.47,2.82,62,4.2,0
Beef Products,27.58,11.08,0,218,0,0,0,0,0,0,0.39,0.38,3.03,79,4.23,0
Beef Products,20.7,11.54,0,192,0,0,0.35,0,0,0,0.595,0.613,1.49,73,4.544,0
Beef Products,32.76,11.87,0,247,0,0,0.48,0.2,0,0.2,0.646,0.43,1.82,100,4.506,0
Beef Products,26.41,11.64,0,218,0,0,0.41,0,0,0,0.521,0.347,1.47,85,4.418,0
Beef Products,20.71,12.15,0,198,0,0,0.36,0,0,0,0.605,0.611,1.76,75,4.784,0
Beef Products,32.85,12.56,0,254,0,0,0.49,0,0,0,0.647,0.432,1.97,101,4.766,0
Beef Products,26.05,12.44,0,223,0,0,0.41,0,0,0,0.513,0.342,1.56,86,4.721,0
Beef Products,20.68,10.93,0,187,0,0,0.35,0,0,0,0.586,0.615,1.23,72,4.303,0
Beef Products,32.67,11.19,0,240,0,0,0.47,0,0,0,0.645,0.429,1.67,98,4.247,0
Beef Products,26.77,10.85,0,212,0,0,0.4,0,0,0,0.528,0.352,1.37,84,4.116,0
Beef Products,21.49,8.24,0,166,0,0,0.33,0,0,0,0.618,0.637,1.55,68,3.245,0
Beef Products,28.31,9.65,0,208,0,0,0.41,0.2,0,0.2,0.558,0.372,1.57,84,3.664,0
Beef Products,21.68,8.91,0,173,0,0,0.33,0,0,0,0.633,0.64,1.84,70,3.509,0
Beef Products,28.48,10.05,0,212,0,0,0.41,0,0,0,0.561,0.374,1.71,86,3.813,0
Beef Products,21.3,7.57,0,159,0,0,0.32,0,0,0,0.603,0.633,1.27,66,2.98,0
Beef Products,28.13,9.26,0,204,0,0,0.4,0,0,0,0.555,0.369,1.44,83,3.515,0
Beef Products,19.6,11.67,0,189,0,0,0,0,0,0,0.33,0.41,3.01,65,4.6,0
Beef Products,27.45,11.34,0,219,0,0,0.17,0.2,0,0.2,0.45,0.38,2.8,82,4.24,0
Beef Products,19.48,12.83,0,199,0,0,0,0,0,0,0.33,0.41,3,65,5.04,0
Beef Products,27.27,12.34,0,228,0,0,0.18,0.2,0,0.2,0.44,0.38,2.79,82,4.63,0
Beef Products,19.74,10.39,0,178,0,0,0,0,0,0,0.33,0.41,3.03,64,4.1,0
Beef Products,27.63,10.24,0,210,0,0,0.14,0.2,0,0.2,0.45,0.38,2.81,82,3.81,0
Beef Products,20.07,7.94,0,152,0,11,0.16,0.1,0,0.1,0.869,0.414,4.29,68,3.462,0
Beef Products,33.93,8.33,2.03,228,0,0,0.17,0.1,0,0.1,0.458,0.582,3.9,102,2.399,2.03
Beef Products,22.06,7.93,0,166,0,0,0.33,0,0,0,0.634,0.653,1.59,69,3.123,0
Beef Products,34.34,10.13,0,238,0,0,0.17,0.2,0,0.2,0.36,0.27,2.62,90,3.78,0
Beef Products,30.67,9,0,204,0,0,0.43,0.1,0,0.1,0.605,0.403,1.71,90,3.415,0
Beef Products,21.94,8.19,0,168,0,0,0.33,0,0,0,0.64,0.648,1.86,69,3.224,0
Beef Products,34.09,11.61,0,250,0,0,0,0,0,0,0.35,0.27,2.61,90,4.33,0
Beef Products,30.7,10.27,0,224,0,0,0.44,0,0,0,0.604,0.403,1.84,92,3.898,0
Beef Products,32.99,13.83,0,266,0,0,0.18,0.2,0,0.2,0.43,0.57,3.28,97,4.64,0
Beef Products,22.18,7.68,0,164,0,0,0.3,0,0,0,0.628,0.659,1.32,68,3.023,0
Beef Products,34.6,8.54,0,225,0,0,0,0,0,0,0.36,0.27,2.64,90,3.2,0
Beef Products,30.63,7.73,0,201,0,0,0.42,0,0,0,0.605,0.402,1.57,87,2.933,0
Beef Products,22.24,8.67,0,173,0,0,0,0,0,0,0.35,0.5,2.79,59,3.3,0
Beef Products,31.27,10.1,0,225,0,0,0,0,0,0,0.48,0.55,2.46,84,3.61,0
Beef Products,20.28,6.21,0,137,0,12,0.2,0.1,0,0.1,1.003,0.39,4.39,71,2.69,0
Beef Products,20.32,9.29,0,165,0,12,0.14,0.1,0,0.1,0.689,0.59,1.76,67,3.592,0
Beef Products,20.36,14.58,0,218,0,14,0.23,0.1,0,0.1,0.331,0.59,1.8,61,6.171,0
Beef Products,24.85,19.78,0,284,0,24,0.34,0.1,0,0.1,0,0.657,2.01,85,7.905,0
Beef Products,20,15.83,0,228,0,14,0.27,0.1,0,0.1,0,0.568,1.66,62,6.684,0
Beef Products,24.21,21.13,0,294,0,25,0.25,0.1,0,0.1,0,0.662,1.79,82,8.722,0
Beef Products,20.61,15.49,0,228,0,0,0.39,0,0,0,0.593,0.562,1.06,81,6.251,0
Beef Products,26.44,16.78,0,264,0,0,0.46,0.3,0,0.3,0.521,0.553,1.56,88,6.608,0
Beef Products,19.32,17.1,0,237,0,0,0,0,0,0,0.32,0.4,2.79,82,6.91,0
Beef Products,26.16,18.45,0,278,0,0,0.48,0.3,0,0,0.515,0.521,1.73,97,7.264,0
Beef Products,20.59,15.04,0,224,0,0,0.38,0,0,0,0.583,0.569,0.98,80,6.067,0
Beef Products,26.72,15.11,0,250,0,0,0.45,0,0,0,0.527,0.585,1.38,79,5.951,0
Beef Products,19,22.17,0,281,0,0,0,0,0,0,0.32,0.39,2.75,67,9.08,0
Beef Products,25.92,22.12,0,310,0,0,0,0,0,0,0.33,0.38,1.94,79,8.91,0
Beef Products,19.61,18.16,0,247,0,0,0.41,0,0,0,0.56,0.535,1.01,85,8.41,0
Beef Products,26.46,17.12,0,267,0,0,0.47,0.3,0,0.3,0.522,0.554,1.56,97,6.743,0
Beef Products,23.9,24.6,0,324,0,0,0,0,0,0,0.25,0.25,2.46,85,9.72,0
Beef Products,19.82,17.88,0,246,0,0,0.41,0,0,0,0.579,0.534,1.1,85,7.214,0
Beef Products,26.43,17.78,0,273,0,0,0.47,0,0,0,0.52,0.527,1.74,99,7.001,0
Beef Products,23.9,25.39,0,331,0,0,0,0,0,0,0.4,0.48,3.37,85,10.02,0
Beef Products,19.37,18.46,0,249,0,0,0.41,0,0,0,0.549,0.535,0.92,86,7.451,0
Beef Products,26.48,16.53,0,262,0,0,0.46,0,0,0,0.523,0.58,1.37,96,6.511,0
Beef Products,23.9,23.7,0,316,0,0,0,0,0,0,0.25,0.25,2.46,85,9.38,0
Beef Products,18.15,21.83,0,274,0,0,0,0,0,0,0.3,0.38,2.6,70,8.96,0
Beef Products,25.26,22.21,0,308,0,0,0,0,0,0,0.34,0.39,2.41,86,8.85,0
Beef Products,24.04,26.67,0,343,0,0,0.55,0.4,0,0.4,0.39,0.33,2.53,88,10.63,0
Beef Products,20.3,12.71,0,201,0,0,0.36,0,0,0,0.584,0.554,1.05,75,5.127,0
Beef Products,26.96,14.23,0,243,0,0,0.44,0.2,0,0.2,0.531,0.564,1.59,92,5.603,0
Beef Products,19.92,14.28,0,214,0,0,0.37,0,0,0,0.582,0.536,1.11,78,5.763,0
Beef Products,26.8,15.75,0,257,0,0,0.46,0,0,0,0.528,0.534,1.77,96,6.202,0
Beef Products,28.77,21.06,0,313,0,0,0.54,0.3,0,0.3,0.39,0.44,3.34,98,8.18,0
Beef Products,20.68,11.13,0,189,0,0,0.35,0,0,0,0.586,0.571,0.98,72,4.491,0
Beef Products,27.12,12.71,0,230,0,0,0.43,0,0,0,0.535,0.594,1.41,89,5.004,0
Beef Products,25.95,6.69,0,171,0,0,0.17,0.1,0,0.1,0,0.269,2.97,87,1.96,0
Beef Products,28.09,5.82,0,172,0,0,0.17,0.1,0,0.1,0,0.291,3.22,90,2.15,0
Beef Products,28.54,6.25,0,178,0,4,0.12,0.1,0,0.1,0.74,0.681,3.3,81,2.596,0
Beef Products,28.71,5.17,0,169,0,6,0.07,0.1,0,0.1,0.84,0.674,3.62,83,2.192,0
Beef Products,27.66,8.23,0,192,0,0,0.38,0,0,0,0.545,0.579,1.63,79,3.395,0
Beef Products,27.78,7.15,0,183,0,0,0.37,0,0,0,0.548,0.609,1.44,78,2.951,0
Beef Products,33.59,6.77,0,205,0,0,0.43,0,0,0,0.572,0.285,1.92,93,2.666,0
Beef Products,27.95,12.71,0,234,0,0,0.44,0,0,0,0.552,0.612,1.45,92,4.934,0
Beef Products,27.27,14.74,0,249,0,0,0.45,0,0,0,0.538,0.571,1.6,89,5.72,0
Beef Products,26.05,11.07,0,211,0,0,0.4,0,0,0,0.514,0.545,1.53,83,0,0
Beef Products,20.64,8.55,0,165,0,0,0.32,0,0,0,0.594,0.563,1.06,66,3.14,0
Beef Products,25.66,12.36,0,221,0,0,0.41,0,0,0,0.505,0.511,1.69,85,4.546,0
Beef Products,20.64,9.51,0,174,0,0,0.33,0,0,0,0.603,0.556,1.15,68,3.493,0
Beef Products,26.44,9.78,0,201,0,0,0.39,0,0,0,0.522,0.579,1.37,81,3.595,0
Beef Products,20.64,7.68,0,157,0,0,0.31,0,0,0,0.585,0.57,0.98,65,2.822,0
Beef Products,29.96,4.28,0,167,0,15,0.32,0,0,0,0.496,0.878,2.28,86,1.788,0
Beef Products,25.74,5.69,0,161,0,0,0.16,0,0,0,0,0.32,3.37,94,1.71,0
Beef Products,26.13,5.02,0,157,0,0,0.16,0,0,0,0,0.324,3.42,99,2,0
Beef Products,26.11,11.65,0,217,0,0,0.18,0,0,0,0,0.324,3.42,93,3.62,0
Beef Products,26.16,8,0,184,0,0,0.16,0,0,0,0,0.478,3.78,94,2.71,0
Beef Products,30.12,4.62,0,170,0,15,0.34,0,0,0,0.485,0.887,2.3,86,1.769,0
Beef Products,29.7,3.85,0,162,0,16,0.29,0,0,0,0.513,0.865,2.25,88,1.502,0
Beef Products,21.22,7.17,0,155,0,0,0.31,0,0,0,0.61,0.579,1.09,65,2.978,0
Beef Products,21.22,6.06,0,145,0,0,0.3,0,0,0,0.601,0.586,1.01,62,2.514,0
Beef Products,20.61,6.01,0,137,0,6,0.2,0.1,0,0.1,0.655,0.403,2.95,69,2.55,0
Beef Products,20.67,6.21,0,139,0,6,0.23,0.1,0,0.1,0.59,0.383,2.91,67,2.354,0
Beef Products,20.52,5.71,0,133,0,7,0.15,0.1,0,0.1,0.72,0.435,2.98,74,1.61,0
Beef Products,20.15,9.86,0,169,0,12,0.16,0.1,0,0.1,0.647,0.586,1.68,67,3.704,0
Beef Products,26.66,10.06,0,205,0,0,0.11,0,0,0,0,0.327,3.8,85,3.85,0
Beef Products,24.18,14.37,0,233,0,0,0.11,0,0,0,0,0.495,4.3,91,5.97,0
Beef Products,28.84,14.95,0,250,0,5,0.1,0.2,0,0.2,0.8,0.291,4.06,102,4.22,0
Beef Products,28.79,12.08,0,224,0,8,0.07,0.1,0,0.1,0.87,0.33,3.66,108,3.54,0
Beef Products,28.82,13.8,0,240,0,6,0.09,0.1,0,0.1,0.835,0.308,3.92,105,3.89,0
Beef Products,20.57,8.45,0,158,0,13,0.11,0.1,0,0.1,0.73,0.597,1.88,69,3.424,0
Beef Products,26.75,8.34,0,182,0,0,0.38,0,0,0,0.526,0.574,1.53,78,3.108,0
Beverages,0.46,0,3.55,43,0,0,0,0,0,0,0.041,0.046,0.02,0,0,3.55
Beverages,0.36,0,2.97,41,0,0,0,0,0,0,0,0,0,0,0,2.97
Beverages,0.2,0,0.87,28,0,0,0,0,0,0,0,0,0,0,0,0.87
Beverages,0.24,0,1.64,29,0,0,0,0,0,0,0.03,0.034,0.02,0,0,1.64
Beverages,0.25,0,1.3,29,0,0,0,0,0,0,0,0,0,0,0,1.3
Beverages,0,0,15.7,125,0,2,0,0,0,0,0.007,0.003,0,0,0,15.7
Beverages,0.06,0.06,6.94,186,0.1,4,0.03,0,0,0,0.017,0.008,0,0,0.006,6.84
Beverages,0.17,0,0.73,27,0,0,0,0,0,0,0,0,0,0,0,0.73
Beverages,0.6,7.6,27.6,237,0.1,24,0,0,0,0,0.054,0.017,0,0,6.571,27.5
Beverages,0.42,1.04,6.59,38,0.4,208,2.81,1,0,0,0.009,0.003,1.25,0,0,6.19
Beverages,0.42,1.88,22.66,174,0.3,2,0.02,0,0,0,0.061,0.045,0,0,1.636,22.36
Beverages,0.3,0.1,11.3,110,0,97,0,0,0,0,0.088,0.05,0,0,0,11.3
Beverages,0,0,11.27,45,0,0,0,0,0,0,0,0,0,0,0,11.27
Beverages,0,0,1.38,5,0,0,0,0,0,0,0,0.833,2.5,0,0,1.38
Beverages,0.6,0.1,97.3,383,0,30,0,0,0,0,0.06,0,0.01,0,0.019,97.3
Beverages,0.1,0.02,15.85,164,0,5,0,0,0,0,0.01,0,0,0,0.003,15.85
Beverages,0,0,1.03,4,0,0,0,0,0,0,0,0.833,2.5,0,0,1.03
Beverages,0,0,13.4,119,0.1,13,0,0,0,0,0.008,0,0,0,0,13.3
Beverages,0.1,0.1,21.4,87,0,0,0,0,0,0,0.013,0,0,0,0.008,21.4
Beverages,0.06,0.06,12.82,153,0,0,0,0,0,0,0.008,0,0,0,0.005,12.82
Beverages,0,0,11.25,44,0,0,0,0,0,0,0,0.833,2.5,0,0,11.25
Beverages,0,0,1.25,5,0,0,0.56,0,0,0,0.417,0.083,0.25,0,0,1.25
Beverages,66.67,5.13,17.95,385,0,54,0.38,0,0,0,0,1,2.27,205,2.564,17.95
Beverages,0,0.3,41.6,371,0,0,0,0,0,0,0,0,0,0,0.014,41.6
Beverages,47.62,3.57,43.94,405,0,0,0.12,0,0,0,0.034,0.057,0,0,0,43.94
Beverages,5.87,2.01,2.06,49,0.2,365,0.83,0.7,0,0.6,0.604,0.224,0.69,2,0.221,1.86
Beverages,53.57,10.71,20.38,392,0,6250,16.88,12.5,0,12.5,12.5,2.5,6.43,0,0,20.38
Finfish and Shellfish Products,20.35,4.84,0,131,0,50,0.57,0,0,0,0.645,0.143,0.62,60,1.282,0
Finfish and Shellfish Products,28.89,9.71,0,210,0,40,3.33,1.7,0,1.7,0.909,0.203,0.88,85,2.203,0
Finfish and Shellfish Products,18.86,3.69,0,114,0,100,0,0,0,0,0.75,0.12,2,68,0.78,0
Finfish and Shellfish Products,17.73,2.33,0,97,0,90,0,0,0,0,0.75,0.3,3.82,80,0.507,0
Finfish and Shellfish Products,20.04,4.24,0,124,0,398,0,0,0,0,0.828,0.402,5.39,59,0.915,0
Finfish and Shellfish Products,19.31,0.81,0,90,0,15,0,0,0,0,0.15,0.3,0.8,60,0.163,0
Finfish and Shellfish Products,17.28,8.02,0,146,0,100,0,0,0,0,0.75,0.3,1.9,65,3.38,0
Finfish and Shellfish Products,17.83,5.6,0,127,0,30,0.63,24.7,0,24.7,0.75,0.19,1.53,66,1.083,0
Finfish and Shellfish Products,22.86,7.17,0,162,0,32,0,0,0,0,0.87,0.219,1.47,84,1.388,0
Finfish and Shellfish Products,16.38,2.82,0,95,0,50,0,12.5,0,0,0.765,0.116,2.23,58,0.722,0
Finfish and Shellfish Products,18.09,13.33,8.04,229,0.7,28,0,0,0,0,0.73,0.19,1.9,71,3.288,7.34
Finfish and Shellfish Products,24.6,17.9,4,264,0,905,1.89,2.9,0,2.9,3.5,0.32,20,588,4.06,4
Finfish and Shellfish Products,18.99,1.91,0,98,0,100,0,0,0,0,0.75,0.3,1,50,0.421,0
Finfish and Shellfish Products,16.36,11.9,0,177,0,943,0.22,13.3,0,13.3,0.308,0.268,4.26,32,1.741,0
Finfish and Shellfish Products,17.81,0.67,0,82,0,40,0.64,0.9,0,0.9,0.153,0.245,0.91,43,0.131,0
Finfish and Shellfish Products,22.83,0.86,0,105,0,47,0.81,1.2,0,1.2,0.18,0.283,1.05,55,0.168,0
Finfish and Shellfish Products,22.76,0.86,0,105,0,47,0.82,1.2,0,1.2,0.17,0.282,1.05,55,0.167,0
Finfish and Shellfish Products,62.82,2.37,0,290,0,140,2.84,4,0,4,1.675,0.864,10,152,0.462,0
Finfish and Shellfish Products,15.27,0.41,0,69,0,6,0.54,0.5,0,0.5,0.294,0.117,1.98,47,0.085,0
Finfish and Shellfish Products,17.78,3.17,0,104,0,41,1.29,0.7,0,0.7,0.75,0.3,2.5,61,1.088,0
Finfish and Shellfish Products,18.2,12.67,7.54,221,0.4,75,0,0,0,0,0.74,0.26,2.1,84,3.476,7.14
Finfish and Shellfish Products,18.99,0.69,0,87,0,60,0,0,0,0,0.279,0.387,1.04,41,0.13,0
Finfish and Shellfish Products,18.5,0.7,0,85,0,180,0,0,0,0,0.75,0.4,0.6,73,0.188,0
Finfish and Shellfish Products,17.54,4.93,0,119,0,170,0,0,0,0,0.75,0.3,2,64,1.119,0
Finfish and Shellfish Products,18.44,11.66,0,184,0,3477,4,23.3,0,23.3,0.24,0.067,3,126,2.358,0
Finfish and Shellfish Products,23.65,14.95,0,236,0,3787,0,0,0,0,0.28,0.077,2.89,161,3.023,0
Finfish and Shellfish Products,11.01,16.23,21.66,277,1.5,18,6.88,0,0,0,0.272,0.078,0.96,28,3.733,20.16
Finfish and Shellfish Products,12.41,1.93,0,70,0,33,0.63,2.8,0,2.8,0.185,0.098,1.13,45,0.441,0
Finfish and Shellfish Products,15.24,2.37,0,86,0,37,0.77,3.5,0,3.5,0.227,0.115,1.31,56,0.542,0
Finfish and Shellfish Products,9.07,1.73,7.41,84,0,89,0,0,0,0,0.2,0.08,0.84,30,0.412,7.41
Finfish and Shellfish Products,19.38,1.02,0,92,0,143,0,0,0,0,0.75,0.3,0.6,37,0.233,0
Finfish and Shellfish Products,24.84,1.3,0,118,0,165,0,0,0,0,0.87,0.35,0.69,47,0.299,0
Finfish and Shellfish Products,16.32,0.45,0,74,0,57,0.45,0.5,0,0.5,0.403,0.281,1.83,54,0.091,0
Finfish and Shellfish Products,19.99,0.55,0,90,0,62,0.55,0.6,0,0.6,0.494,0.327,2.13,66,0.111,0
Finfish and Shellfish Products,25.23,0.96,0,116,0,80,0.55,0.8,0,0.8,0.17,0.4,1.6,77,0.173,0
Finfish and Shellfish Products,18.56,1.33,0,91,0,67,0.61,4.7,0,4.7,0.343,0.548,1.1,49,0.292,0
Finfish and Shellfish Products,22.54,1.61,0,111,0,73,0.74,5.8,0,5.8,0.416,0.632,1.27,60,0.354,0
Finfish and Shellfish Products,14.37,13.84,0,186,0,47,0.73,27.4,0,27.4,0.25,0.42,1,46,2.419,0
Finfish and Shellfish Products,17.96,9.04,0,158,0,93,1.07,4.2,0,4.2,0.645,0.302,13.67,60,2.04,0
Finfish and Shellfish Products,23.03,11.59,0,203,0,120,1.37,5.4,0,5.4,0.74,0.348,13.14,77,2.615,0
Finfish and Shellfish Products,14.19,18,9.64,262,0,860,1.71,2.8,0,2.8,0.081,0.17,4.27,13,2.381,9.64
Finfish and Shellfish Products,24.58,12.37,0,217,0,135,1.54,2.2,0,2.2,0.88,0.413,18.7,82,2.791,0
Finfish and Shellfish Products,16.39,13.88,0,195,0,106,0,0,0,0,1,0.45,10,77,3.257,0
Finfish and Shellfish Products,18.99,0.64,0,87,0,100,0,0,0,0,0.32,0.304,0.56,40,0.12,0
Finfish and Shellfish Products,17.66,1.06,0,85,0,50,0,0,0,0,0.75,0.3,3.6,52,0.197,0
Finfish and Shellfish Products,18.6,13.89,0,205,0,167,1.52,16.1,0,16.1,0.856,0.399,8.71,70,3.257,0
Finfish and Shellfish Products,23.85,17.81,0,262,0,180,0,0,0,0,0.99,0.46,19,75,4.176,0
Finfish and Shellfish Products,23.19,6.3,0,156,0,433,1.03,7.3,0,7.3,0.305,0.21,6.94,79,1.857,0
Finfish and Shellfish Products,20.28,2,0,105,0,727,0,0,0,0,0.839,0.442,15.6,53,0.363,0
Finfish and Shellfish Products,20.07,7.89,0,158,0,62,1,9.1,0,9.1,0.316,0.33,4.4,47,2.247,0
Finfish and Shellfish Products,19.29,6.3,0,139,0,130,0.69,7.3,0,7.3,0.75,0.4,2.4,76,1.828,0
Finfish and Shellfish Products,23.59,6.32,0,158,0,109,0,0,0,0,0.87,0.46,7,73,1.801,0
Finfish and Shellfish Products,20.53,6.73,0,148,0,100,0,0,0,0,0.75,0.423,3.4,52,1.66,0
Finfish and Shellfish Products,14.48,1.52,0,76,0,40,0,0,0,0,0.15,0.24,0.9,25,0.34,0
Finfish and Shellfish Products,19.35,3.79,0,117,0,123,1,1.5,0,1.5,0.76,0.425,0.22,49,1.116,0
Finfish and Shellfish Products,24.81,4.86,0,150,0,141,0,0,0,0,0.88,0.49,0.25,63,1.431,0
Finfish and Shellfish Products,15.31,1.54,0,79,0,40,0.76,1.2,0,1.2,0.272,0.073,1.5,52,0.273,0
Finfish and Shellfish Products,18.51,1.87,0,96,0,44,0.91,1.4,0,1.4,0.329,0.084,1.72,63,0.33,0
Finfish and Shellfish Products,16.64,0.91,0,79,0,40,0,0,0,0,0.15,0.24,0.9,52,0.32,0
Finfish and Shellfish Products,19.39,0.92,0,91,0,30,0.2,3,0,3,0.75,0.12,1.9,90,0.185,0
Finfish and Shellfish Products,24.86,1.18,0,117,0,32,0,0,0,0,0.87,0.14,2.2,115,0.237,0
Finfish and Shellfish Products,19.26,0.69,0,88,0,70,0.2,2.5,0,2.5,0.75,0.117,2,39,0.118,0
Finfish and Shellfish Products,24.69,0.88,0,113,0,81,0,0,0,0,0.87,0.135,2.3,50,0.151,0
Finfish and Shellfish Products,19.14,1.22,0,93,0,70,0,0,0,0,0.75,0.12,2,86,0.249,0
Finfish and Shellfish Products,19.44,0.98,0,92,0,46,0.23,1,0,1,0.358,0.287,3.19,71,0.135,0
Finfish and Shellfish Products,12.19,0.41,0,56,0,10,0.49,0.2,0,0.2,0.237,0.069,1.63,46,0.124,0
Finfish and Shellfish Products,23.48,1.18,0,111,0,51,0.28,1.3,0,1.3,0.432,0.329,3.66,86,0.159,0
Finfish and Shellfish Products,18.48,9.47,0,164,0,132,0.18,11,0,11,0.75,0.2,1.3,50,3.509,0
Finfish and Shellfish Products,23.69,12.14,0,211,0,120,0,0,0,0,0.87,0.23,1.2,64,4.499,0
Finfish and Shellfish Products,18.36,1.34,0,90,0,15,0.36,3.8,0,3.8,0.333,0.21,1.39,50,0.347,0
Finfish and Shellfish Products,22.23,1.62,0,109,0,16,0.44,4.6,0,4.6,0.404,0.241,1.59,61,0.42,0
Finfish and Shellfish Products,22.32,6.42,1.5,143,0,299,7,12.1,0,12.1,1,0.16,10,374,1.456,1.5
Finfish and Shellfish Products,16.41,0.7,0,76,0,70,1.2,0,0,0,0.051,0.052,0.38,60,0.015,0
Finfish and Shellfish Products,13.41,15.3,0,195,0,310,0,0,0,0,0.75,0.3,1.5,49,3.201,0
Finfish and Shellfish Products,17.65,20.14,0,257,0,408,0,0,0,0,0.99,0.39,2,64,4.213,0
Finfish and Shellfish Products,19.84,6.34,0,142,0,40,0,0,0,0,1.664,0.818,3.18,55,0.981,0
Finfish and Shellfish Products,18.28,4.32,0,117,0,87,1.35,17.1,0,17.1,0.87,0.278,3.26,23,0.929,0
Finfish and Shellfish Products,19.93,10.43,0,179,0,453,1.22,0,0,0,0.75,0.4,1.3,50,3.1,0
Finfish and Shellfish Products,20.14,3.77,0,120,0,99,1.09,0,0,0,0.75,0.4,3,74,0.84,0
Finfish and Shellfish Products,21.43,5.5,0,141,0,60,1.6,9.6,0,9.6,0.56,0.38,4.4,39,1.486,0
Finfish and Shellfish Products,21.62,5.93,0,146,0,135,0.73,9,0,9,0.823,0.549,4.17,45,1.26,0
Finfish and Shellfish Products,27.36,7.5,0,184,0,108,0,0,0,0,0.834,0.556,4.48,57,1.595,0
Finfish and Shellfish Products,20.5,4.4,0,127,0,117,0.4,10.9,0,10.9,1.03,0.611,4.15,46,0.81,0
Finfish and Shellfish Products,19.68,4.97,0,129,0,57,0.64,13.7,0,13.7,0.55,0.3,4.4,55,0.862,0
Finfish and Shellfish Products,22.25,4.69,0,131,0,162,0.83,14.1,0,14.1,1.07,0.731,4.69,51,0.814,0
Finfish and Shellfish Products,26.48,5.57,0,156,0,193,0.99,16.7,0,16.7,1.274,0.827,4.47,61,0.969,0
Finfish and Shellfish Products,23.59,7.39,0,167,0,184,2.07,21,0,21,0.535,0.119,5.5,79,1.44,0
Finfish and Shellfish Products,24.62,11.45,0,208,0,108,2.04,4.8,0,4.8,0.642,0.167,8.94,142,1.528,0
Finfish and Shellfish Products,20.86,10.45,0.54,185,0.1,151,1.38,4.8,0,4.8,0.73,0.123,9,61,2.684,0.44
Finfish and Shellfish Products,18.88,2.73,0,105,0,90,0.5,1.2,0,1.2,0.75,0.3,1.4,52,0.64,0
Finfish and Shellfish Products,18.43,2,0,97,0,154,0.84,5.6,0,5.6,0.75,0.4,0.3,41,0.511,0
Finfish and Shellfish Products,23.63,2.56,0,124,0,213,0,0,0,0,0.87,0.46,0.3,53,0.655,0
Finfish and Shellfish Products,16.74,3.61,0,104,0,100,0,0,0,0,0.75,0.4,3,83,1.009,0
Finfish and Shellfish Products,16.93,13.77,0,197,0,106,1.22,4.8,0,4.8,0.75,0.4,0.15,75,3.126,0
Finfish and Shellfish Products,20.98,4.51,0,130,0,233,1,0.6,0,0.6,0.695,0.4,1.49,51,0.925,0
Finfish and Shellfish Products,18.62,13.82,6.39,228,0,180,0,0,0,0,0.62,0.3,1.21,59,3.205,6.39
Finfish and Shellfish Products,20.21,2.41,0,108,0,100,0,0,0,0,0.75,0.3,2,50,0.609,0
Finfish and Shellfish Products,26.02,1.63,0,126,0,115,0,0,0,0,0.87,0.35,2.3,64,0.36,0
Finfish and Shellfish Products,17.63,2.42,0,97,0,50,0.5,0.8,0,0.8,0.638,0.15,3.44,70,0.452,0
Finfish and Shellfish Products,22.6,3.1,0,124,0,58,0,0,0,0,0.74,0.17,3.97,90,0.579,0
Finfish and Shellfish Products,20.51,1.34,0,100,0,106,0.96,10.2,0,10.2,0.75,0.4,3,37,0.285,0
Finfish and Shellfish Products,26.3,1.72,0,128,0,115,0,0,0,0,0.87,0.46,3.5,47,0.365,0
Finfish and Shellfish Products,18.51,4.9,0,123,0,100,0,0,0,0,0.75,0.4,3,60,1.45,0
Finfish and Shellfish Products,16.14,4.04,0,105,0,700,0.5,10.3,0,10.3,0.75,0.2,2.2,60,0.915,0
Finfish and Shellfish Products,20.7,5.18,0,135,0,875,0.63,12.9,0,12.9,0.87,0.23,2.5,77,1.173,0
Finfish and Shellfish Products,31.2,4.4,0,173,0,933,0.5,16.1,0,16.1,1,0.27,2.9,80,1.037,0
Finfish and Shellfish Products,16.76,2.32,0,92,0,170,0,0,0,0,0.75,0.2,2,41,0.452,0
Finfish and Shellfish Products,19.4,0.7,0,89,0,50,0,0,0,0,0.75,0.12,2,67,0.139,0
Finfish and Shellfish Products,15.18,0.9,6.85,99,0,67,0.63,0,0,0,0.07,0.03,1.6,30,0.191,6.85
Finfish and Shellfish Products,19.66,6.65,0,144,0,120,2.02,13.9,0,13.9,0.35,0.543,1.7,66,1.602,0
Finfish and Shellfish Products,23.45,7.93,0,172,0,129,2.41,16.6,0,16.6,0.417,0.615,1.62,78,1.911,0
Finfish and Shellfish Products,17.5,2.31,0,96,0,60,0,0,0,0,0.75,0.26,2.2,50,0.441,0
Finfish and Shellfish Products,24.49,4.69,0,147,0,69,0,0,0,0,0.87,0.3,2.5,64,0.868,0
Finfish and Shellfish Products,20.77,6.61,0,148,0,57,0.2,3.9,0,3.9,1.94,0.2,7.79,58,1.149,0
Finfish and Shellfish Products,20.48,3.46,0,119,0,62,0,0,0,0,0.928,0.406,4.45,59,0.722,0
Finfish and Shellfish Products,22.92,5.82,0,150,0,50,0,0,0,0,1.065,0.346,6.3,69,1.619,0
Finfish and Shellfish Products,23.33,4.9,0,144,0,2183,1,5.7,0,5.7,1.054,0.455,9.43,38,1.257,0
Finfish and Shellfish Products,29.91,6.28,0,184,0,2520,0,0,0,0,1.37,0.525,10.88,49,1.612,0
Finfish and Shellfish Products,29.13,8.21,0,198,0,77,0.87,6.7,0,6.7,0.37,0.11,2.2,18,1.534,0
Finfish and Shellfish Products,19.44,0.96,0,86,0,57,0.33,1.2,0,1.2,0.148,0.319,2.55,36,0.211,0
Finfish and Shellfish Products,22,1.01,0,103,0,52,0,0,0,0,0.42,0.85,1.9,47,0.328,0
Finfish and Shellfish Products,26.53,8.08,0,186,0,16,2.3,0,0,0,0.37,0.43,2.2,31,1.28,0
Finfish and Shellfish Products,23.62,2.97,0,128,0,20,0.85,2,0,2,0.124,0.217,1.17,42,0.792,0
Finfish and Shellfish Products,24.4,0.49,0,109,0,60,0.24,1.7,0,1.7,0.28,0.933,2.08,39,0.172,0
Finfish and Shellfish Products,16.04,9.26,9.41,187,0,97,0,0,0,0,0.26,0.081,1.2,13,1.544,9.41
Finfish and Shellfish Products,16.05,2.95,0,95,0,35,0,0,0,0,0.57,0.21,2.2,48,0.75,0
Finfish and Shellfish Products,19.09,5.86,0,134,0,120,0.2,12,0,12,0.75,0.3,1,60,0.906,0
Finfish and Shellfish Products,23.4,0.93,0,108,0,190,0.21,12.8,0,12.8,0.104,0.389,3.26,33,0.228,0
Finfish and Shellfish Products,18.31,1.31,0,90,0,100,0.3,1.4,0,1.4,0.216,0.156,2.3,67,0.247,0
Finfish and Shellfish Products,23.48,1.69,0,116,0,128,0.38,1.8,0,1.8,0.25,0.18,2.6,84,0.4,0
Finfish and Shellfish Products,17.5,2.39,0,96,0,375,0,0,0,0,0.57,0.4,2.03,46,0.365,0
Finfish and Shellfish Products,23.14,5.24,0,146,0,95,0,0,0,0,0.59,0.16,1.3,55,1.28,0
Finfish and Shellfish Products,18.29,0.6,0,84,0,24,0,0,0,0,0.35,0.15,9,42,0.09,0
Finfish and Shellfish Products,19.35,1.54,0,97,0,29,0,0,0,0,0.4,0.18,11.5,53,0.133,0
Finfish and Shellfish Products,7.62,0.46,15,95,0.5,0,0.17,0,0,0,0,0.13,0.57,20,0.216,14.5
Finfish and Shellfish Products,18.06,1.08,0.04,87,0,5,0,0,0,0,0.35,0.15,9,78,0.222,0.04
Finfish and Shellfish Products,17.88,0.74,0,83,0,2,1.84,0,0,0,0.997,0.156,3.33,97,0.201,0
Finfish and Shellfish Products,17.88,0.74,0,83,0,2,1.84,0,0,0,0.997,0.156,3.33,97,0.201,0
Finfish and Shellfish Products,20.21,7.52,0.48,155,0,252,0,0,0,0,0.5,0.17,5.94,150,1.483,0.48
Finfish and Shellfish Products,17.41,0.97,0.74,86,0,90,0,0,0,0,0.35,0.15,9,59,0.132,0.74
Finfish and Shellfish Products,18.5,1.18,0,90,0,150,0,0,0,0,0.35,0.15,9,55,0.143,0
Finfish and Shellfish Products,15.97,0.95,0,77,0,53,2.85,0,0,0,0.546,0.108,2,114,0.159,0
Finfish and Shellfish Products,16.77,1.2,0,82,0,50,1.5,0,0,0,0.58,0.076,2.15,133,0.181,0
Finfish and Shellfish Products,16.52,0.75,0,77,0,4,0.87,0,0,0,1.449,0.104,1.25,127,0.181,0
Finfish and Shellfish Products,19,0.86,0,89,0,4,1,0,0,0,1.667,0.119,1.43,146,0.208,0
Finfish and Shellfish Products,13.61,1.01,0.91,71,0,180,1.32,0.1,0,0.1,0.31,0.161,1.11,126,0.261,0.91
Finfish and Shellfish Products,21.39,12.28,11.47,242,0.4,189,1.3,0.1,0,0.1,0.35,0.098,1.87,138,2.087,11.07
Finfish and Shellfish Products,22.78,1.7,1.52,119,0,301,2.2,0.1,0,0.1,0.519,0.242,1.66,211,0.521,1.52
Finfish and Shellfish Products,20.42,1.36,0,100,0,0,1.1,0,0,0,0.141,0.01,0.74,252,0.188,0
Finfish and Shellfish Products,12.39,1.47,9.13,101,0,66,0,0,0,0,0.07,0.03,1.6,36,0.29,9.13
Finfish and Shellfish Products,20.6,1.51,2.43,112,0,17,0,0,0,0,0.35,0.15,3.5,70,0.237,2.43
Finfish and Shellfish Products,17.1,0.76,6.01,105,0,7,4,0,0,0,3,0.15,0.73,85,0.149,6.01
Finfish and Shellfish Products,19.63,6.78,11.05,189,0,5,0,0,0,0,2.87,0.15,0.69,94,1.646,11.05
Finfish and Shellfish Products,14.67,0.96,3.57,86,0,300,0.68,0,0,0,0.148,0.01,11.28,30,0.187,3.57
Finfish and Shellfish Products,14.24,11.15,10.33,202,0,302,0,0,0,0,0.43,0.06,40.27,61,2.683,10.33
Finfish and Shellfish Products,25.55,1.95,5.13,148,0,570,0,0,0,0,0.68,0.11,98.89,67,0.188,5.13
Finfish and Shellfish Products,24.25,1.59,5.9,142,0,496,1.12,0.1,0,0.1,0.245,0.016,18.63,50,0.309,5.9
Finfish and Shellfish Products,0.4,0.02,0.1,2,0,30,0.31,0,0,0,0.04,0.01,5,3,0.002,0.1
Finfish and Shellfish Products,16.24,0.7,0.82,79,0,375,0,0,0,0,0.5,0.15,3,112,0.118,0.82
Finfish and Shellfish Products,11.9,2.24,3.69,86,0,160,0.55,0,0,0,0.5,0.05,12,28,0.425,3.69
Finfish and Shellfish Products,23.8,4.48,7.39,172,0,304,0,0,0,0,0.95,0.1,24,56,0.85,7.39
Finfish and Shellfish Products,14.91,1.04,2.2,82,0,150,1.2,0,0,0,0.5,0.36,20,48,0.227,2.2
Finfish and Shellfish Products,5.71,1.71,2.72,51,0,44,0.85,0,0,0,0.223,0.031,8.75,40,0.474,2.72
Finfish and Shellfish Products,8.77,12.58,11.62,199,0,302,0,0,0,0,0.27,0.064,15.63,71,3.197,11.62
Finfish and Shellfish Products,11.42,3.42,5.45,102,0,88,1.7,0,0,0,0.447,0.061,17.5,79,0.948,5.45
Finfish and Shellfish Products,7.06,2.47,3.91,68,0,300,0.85,0,0,0,0.18,0.095,19.13,55,0.631,3.91
Finfish and Shellfish Products,9.45,2.3,4.95,81,0,270,0,0,0,0,0.5,0.05,16,50,0.51,4.95
Finfish and Shellfish Products,12.06,0.49,3.18,69,0,3,0,0,0,0,0.215,0.073,1.41,24,0.128,3.18
Finfish and Shellfish Products,18.07,10.94,10.13,216,0,75,0,0,0,0,0.2,0.14,1.32,54,2.669,10.13
Finfish and Shellfish Products,12.77,0.41,10.62,99,0,66,0,0,0,0,0.07,0.03,1.6,22,0.08,10.62
Finfish and Shellfish Products,15.58,1.38,3.08,92,0,33,1.2,0,0,0,0.5,0.056,1.3,233,0.358,3.08
Finfish and Shellfish Products,17.94,7.48,7.79,175,0,35,0,0,0,0,0.51,0.058,1.23,260,1.878,7.79
Finfish and Shellfish Products,23.84,0.4,7.76,137,0,87,0.13,0,0,0,0.208,0.342,9.07,65,0.031,7.76
Finfish and Shellfish Products,47.68,0.8,15.52,275,0,162,0,0,0,0,0.4,0.65,18.14,130,0.062,15.52
Finfish and Shellfish Products,18.28,4.32,0,117,0,88,0,0,0,0,0.87,0.278,3.26,23,0.929,0
Finfish and Shellfish Products,21.43,5.5,0,141,0,61,0,0,0,0,0.56,0.38,4.4,39,1.486,0
Finfish and Shellfish Products,19.78,6.05,0,139,0,55,0,0,0,0,0.55,0.3,4.4,55,1.535,0
Finfish and Shellfish Products,20.47,7.31,0,153,0,176,0,0,0,0,0.55,0.3,0.3,44,1.644,0
Finfish and Shellfish Products,29.13,8.21,0,198,0,78,0,0,0,0,0.37,0.11,2.2,18,1.534,0
Finfish and Shellfish Products,25.51,0.82,0,116,0,56,0,0,0,0,0.214,0.35,2.99,30,0.234,0
Finfish and Shellfish Products,26.53,8.08,0,186,0,80,0,0,0,0,0.37,0.43,2.2,31,1.65,0
Finfish and Shellfish Products,23.62,2.97,0,128,0,19,0,0,0,0,0.124,0.217,1.17,42,0.792,0
Finfish and Shellfish Products,24.18,4.73,0,146,0,115,0,0,0,0,0.865,0.138,2.31,87,1.001,0
Finfish and Shellfish Products,22.73,2.99,0,124,0,104,0,0,0,0,0.865,0.346,4.41,103,0.65,0
Finfish and Shellfish Products,25.69,5.44,0,159,0,459,0,0,0,0,0.955,0.464,6.22,76,1.172,0
Finfish and Shellfish Products,24.76,1.04,0,115,0,17,0,0,0,0,0.173,0.346,0.92,77,0.209,0
Finfish and Shellfish Products,22.15,10.28,0,187,0,109,0,0,0,0,0.865,0.346,1.83,83,0,0
Finfish and Shellfish Products,18.73,0.5,0,85,0,7,0.67,0.6,0,0.6,0.361,0.136,2.31,57,0.105,0
Finfish and Shellfish Products,24.35,0.88,0,112,0,69,0,0,0,0,0.322,0.447,1.2,53,0,0
Finfish and Shellfish Products,23.72,0.9,0,109,0,208,0,0,0,0,0.865,0.462,0.69,94,0.241,0
Finfish and Shellfish Products,22.49,6.32,0,153,0,196,0,0,0,0,0.865,0.346,2.31,82,1.434,0
Finfish and Shellfish Products,18.42,17.74,0,239,0,60,0,0,0,0,0.288,0.485,0.96,59,3.102,0
Finfish and Shellfish Products,21.01,17.79,0,250,0,116,0,0,0,0,1.154,0.519,9.62,99,4.174,0
Finfish and Shellfish Products,24.35,0.82,0,111,0,115,0,0,0,0,0.369,0.351,0.65,51,0,0
Finfish and Shellfish Products,22.64,1.36,0,109,0,58,0,0,0,0,0.865,0.346,4.15,67,0.255,0
Finfish and Shellfish Products,26,2.56,0,134,0,839,0,0,0,0,0.968,0.51,18,68,0.465,0
Finfish and Shellfish Products,25.73,10.12,0,201,0,77,1.25,11.4,0,11.4,0.365,0.381,4.23,60,2.881,0
Finfish and Shellfish Products,26.32,8.63,0,190,0,109,0,0,0,0,0.865,0.488,3.27,67,0,0
Finfish and Shellfish Products,18.56,1.95,0,97,0,46,0,0,0,0,0.173,0.277,1.04,32,0,0
Finfish and Shellfish Products,24.54,1.56,0,119,0,81,0,0,0,0,0.865,0.138,2.31,110,0.319,0
Finfish and Shellfish Products,24.92,1.26,0,118,0,40,0,0,0,0,0.413,0.331,3.68,91,0.17,0
Finfish and Shellfish Products,21.33,1.17,0,102,0,46,0,0,0,0,0.173,0.277,1.04,67,0.41,0
Finfish and Shellfish Products,28.62,8.23,1.92,204,0,303,0,0,0,0,1.154,0.185,11.54,479,1.866,1.92
Finfish and Shellfish Products,17.19,19.62,0,250,0,338,0,0,0,0,0.865,0.346,1.44,63,4.099,0
Finfish and Shellfish Products,25.44,8.13,0,182,0,44,0,0,0,0,1.92,0.944,3.05,71,1.257,0
Finfish and Shellfish Products,25.72,13.38,0,231,0,496,0,0,0,0,0.865,0.462,2.87,85,3.214,0
Finfish and Shellfish Products,25.82,4.83,0,154,0,114,0,0,0,0,0.865,0.462,3.46,95,1.077,0
Finfish and Shellfish Products,24.58,5.28,0,153,0,126,0.48,13,0,13,1.235,0.696,4.73,55,0.971,0
Finfish and Shellfish Products,24.21,3.5,0,135,0,104,0,0,0,0,0.865,0.346,1.62,67,0,0
Finfish and Shellfish Products,21.46,4.63,0,133,0,115,0,0,0,0,0.865,0.462,3.46,106,1.293,0
Finfish and Shellfish Products,21.71,17.65,0,252,0,120,0,0,0,0,0.865,0.462,0.14,96,0,0
Finfish and Shellfish Products,23.73,6.28,0,158,0,115,0,0,0,0,0.865,0.462,3.46,77,1.859,0
Finfish and Shellfish Products,21.49,2.97,0,119,0,196,0,0,0,0,0.865,0.231,2.31,53,0.579,0
Finfish and Shellfish Products,24.87,0.9,0,114,0,58,0,0,0,0,0.865,0.138,2.31,86,0.178,0
Finfish and Shellfish Products,26.63,8.47,0,190,0,63,0,0,0,0,2.238,0.231,7.49,74,1.474,0
Finfish and Shellfish Products,28.21,1.29,0,132,0,60,0,0,0,0,0.485,0.981,2.19,60,0.42,0
Finfish and Shellfish Products,29.15,0.59,0,130,0,65,0.29,2,0,2,0.334,1.038,2.35,47,0.205,0
Finfish and Shellfish Products,20.58,3.78,0,122,0,40,0,0,0,0,0.658,0.242,2.54,62,0,0
Finfish and Shellfish Products,24.47,7.51,0,172,0,131,0,0,0,0,0.865,0.346,0.96,77,1.162,0
Finfish and Shellfish Products,22.44,3.06,0,123,0,433,0,0,0,0,0.658,0.462,2.35,59,0.468,0
Finfish and Shellfish Products,29.67,6.72,0,187,0,104,0,0,0,0,0.681,0.185,1.25,71,0,0
Finfish and Shellfish Products,22.32,1.24,0.95,110,0,104,0,0,0,0,0.404,0.173,10.38,76,0.168,0.95
Finfish and Shellfish Products,23.72,1.51,0,115,0,173,0,0,0,0,0.404,0.173,10.38,71,0.183,0
Finfish and Shellfish Products,26.41,1.94,3.12,143,0,20,0,0,0,0,0.404,0.173,4.04,90,0.303,3.12
Finfish and Shellfish Products,32.48,1.4,1.64,158,0,675,0,0,0,0,0.9,0.27,5.4,224,0.236,1.64
Finfish and Shellfish Products,29.82,2.08,4.4,164,0,300,1.2,0,0,0,0.9,0.648,36,96,0.453,4.4
Finfish and Shellfish Products,18.9,4.6,9.9,163,0,487,0.85,0,0,0,0.9,0.09,28.8,100,1.02,9.9
Finfish and Shellfish Products,22.64,0.9,0,105,0,80,1.87,0,0,0,0.056,0.067,0.47,80,0.034,0
Finfish and Shellfish Products,18.47,2.85,0,105,0,50,0,0,0,0,0.91,0.106,2.9,72,0.744,0
Finfish and Shellfish Products,15.23,5.94,0,119,0,1,0.81,0.2,0,0.2,0.67,0.154,2.88,55,1.31,0
Finfish and Shellfish Products,18.44,7.19,0,144,0,2,0.97,0.3,0,0.3,0.811,0.177,2.78,66,1.586,0
Finfish and Shellfish Products,20.42,13.42,0,208,0,193,3.55,11,0,0,1.547,0.636,3.23,55,3.05,0
Finfish and Shellfish Products,22.1,12.35,0,206,0,230,1.14,13.1,0,0,1.475,0.647,2.8,63,2.397,0
Finfish and Shellfish Products,21.27,7.67,0,160,0,188,0,0,0,0,1.14,0.66,2.67,51,1.816,0
Finfish and Shellfish Products,24.3,8.23,0,178,0,197,0,0,0,0,1.273,0.568,3.17,63,1.944,0
Finfish and Shellfish Products,19.94,6.18,0,141,0,280,2.34,15.9,0,15.9,1.667,0.34,4.3,59,1.383,0
Finfish and Shellfish Products,23.8,7.38,0,168,0,301,2.79,19,0,19,1.99,0.386,4.11,70,1.651,0
Finfish and Shellfish Products,14.85,0.97,0,72,0,50,0,0,0,0,0.57,0.076,2.1,107,0.163,0
Finfish and Shellfish Products,17.52,1.3,0,87,0,50,0,0,0,0,0.512,0.134,3.1,137,0.216,0
Finfish and Shellfish Products,8.87,2.65,4.23,79,0,58,1.32,0,0,0,0.347,0.045,12.91,62,0.736,4.23
Finfish and Shellfish Products,5.22,1.55,5.53,59,0,25,0,0,0,0,0.157,0.06,16.2,25,0.443,5.53
Finfish and Shellfish Products,7,2.12,7.28,79,0,63,0,0,0,0,0.195,0.076,24.3,38,0.683,7.28
Finfish and Shellfish Products,23.45,4.3,0,139,0,169,0.92,11.3,0,11.3,0.81,0.568,5,55,1.054,0
Finfish and Shellfish Products,26.3,1.2,1.7,130,0,23,6.33,0,0,0,0,0.06,5.25,65,0.37,1.7
Finfish and Shellfish Products,12.69,11.72,13.96,212,0,0,0,0,0,0,0.523,0.222,2.07,26,1.57,13.96
Finfish and Shellfish Products,11.97,10.43,11.85,189,0,0,0,0,0,0,0.52,0.22,2.18,27,1.497,11.85
Finfish and Shellfish Products,20.63,7.17,0,153,0,129,1.88,19,0,19,0,0.33,0.4,67,1.46,0
Finfish and Shellfish Products,23.1,5.02,0,138,0,65,1.28,14.5,0,14.5,0.563,0.105,4.95,83,0.895,0
Finfish and Shellfish Products,20.08,1.7,0,96,0,0,0.4,3.1,0,3.1,0.487,0.162,1.58,50,0.585,0
Finfish and Shellfish Products,26.15,2.65,0,128,0,0,0.79,3.7,0,3.7,0.664,0.123,1.86,57,0.94,0
Finfish and Shellfish Products,26.33,5.87,0,158,0,187,2.09,21.5,0,21.5,0,0.12,5.54,66,1.211,0
Finfish and Shellfish Products,24.62,4.21,0,136,0,66,1.28,14.1,0,14.1,0,0.105,4.96,83,0.749,0
Finfish and Shellfish Products,17.17,0.19,0,70,0,0,0,0,0,0,0,0,0,61,0.039,0
Finfish and Shellfish Products,19.42,0.26,0,80,0,0,0,0,0,0,0,0,0,74,0.053,0
Finfish and Shellfish Products,17.54,0.2,0,72,0,0,0,0,0,0,0,0,0,46,0.039,0
Finfish and Shellfish Products,20.42,0.25,0,84,0,0,0,0,0,0,0,0,0,61,0.048,0
Finfish and Shellfish Products,20.1,0.51,0,85,0,0,0,0,0,0,0,0,0,161,0.101,0
Finfish and Shellfish Products,23.98,0.28,0.2,99,0,0,0,0,0,0,0,0,0,189,0.056,0.2
Finfish and Shellfish Products,21.23,2.73,0,110,0,0,0,0,0,0,0,0.273,2.77,60,0.595,0
